######## AWBAiAwb [(-1, -1, -1, -1, -1, -1, -1), (1, -1, 7, -1, -1, -1, -1), (1, 1, 1, -1, -1, -1, -1), (1, 2, -1, -1, -1, -1, -1), (5, -1, 4, -1, -1, -1, -1), (5, 2, -1, -1, -1, -1, -1), (16, -1, 4, -1, -1, -1, -1), (16, 2, -1, -1, -1, -1, -1), (27, -1, -1, -1, -1, -1, -1), (32, -1, -1, -1, -1, -1, -1), (38, -1, -1, -1, -1, -1, -1), (41, -1, -1, -1, -1, -1, -1)]
=== Legend key (1, -1, 7, -1, -1, -1, -1)
aiawb_preference_params.prefer_l_lux.prefer_l_lux_data[7].ir[0].rg 
   def: [10000, 10000, 9750, 9700, 9580, 9380, 9200, 8845, 8650, 8650, 8650] 
   new: [10000, 10000, 9750, 9720, 9600, 9380, 9200, 8845, 8650, 8650, 8650]
aiawb_preference_params.prefer_l_lux.prefer_l_lux_data[7].ir[1].rg 
   def: [10000, 10000, 9750, 9700, 9580, 9380, 9200, 8845, 8650, 8650, 8650] 
   new: [10000, 10000, 9750, 9720, 9600, 9380, 9200, 8845, 8650, 8650, 8650]
aiawb_preference_params.prefer_l_lux.prefer_l_lux_data[8].ir[0].rg 
   def: [10000, 10000, 9750, 9700, 9580, 9350, 9200, 8800, 8650, 8650, 8650] 
   new: [10000, 10000, 9750, 9720, 9580, 9350, 9200, 8800, 8650, 8650, 8650]
aiawb_preference_params.prefer_l_lux.prefer_l_lux_data[8].ir[1].rg 
   def: [10000, 10000, 9800, 9700, 9580, 9350, 9200, 8800, 8650, 8650, 8650] 
   new: [10000, 10000, 9800, 9720, 9580, 9350, 9200, 8800, 8650, 8650, 8650]
aiawb_preference_params.prefer_lux.prefer_lux_data[7].ir[0].rg 
   def: [10000, 10000, 9750, 9700, 9580, 9380, 9200, 8845, 8650, 8650, 8650] 
   new: [10000, 10000, 9750, 9720, 9600, 9380, 9200, 8845, 8650, 8650, 8650]
aiawb_preference_params.prefer_lux.prefer_lux_data[7].ir[1].rg 
   def: [10000, 10000, 9750, 9700, 9580, 9380, 9200, 8845, 8650, 8650, 8650] 
   new: [10000, 10000, 9750, 9720, 9600, 9380, 9200, 8845, 8650, 8650, 8650]
aiawb_preference_params.prefer_lux.prefer_lux_data[8].ir[0].rg 
   def: [10000, 10050, 9750, 9700, 9580, 9350, 9200, 8800, 8650, 8650, 8650] 
   new: [10000, 10050, 9750, 9720, 9580, 9350, 9200, 8800, 8650, 8650, 8650]
aiawb_preference_params.prefer_lux.prefer_lux_data[8].ir[1].rg 
   def: [10000, 10050, 9800, 9700, 9580, 9350, 9200, 8800, 8650, 8650, 8650] 
   new: [10000, 10050, 9800, 9720, 9580, 9350, 9200, 8800, 8650, 8650, 8650]
aiawb_preference_params.prefer_r_lux.prefer_r_lux_data[7].ir[0].rg 
   def: [10000, 10000, 9750, 9700, 9580, 9380, 9200, 8845, 8650, 8650, 8650] 
   new: [10000, 10000, 9750, 9720, 9600, 9380, 9200, 8845, 8650, 8650, 8650]
aiawb_preference_params.prefer_r_lux.prefer_r_lux_data[7].ir[1].rg 
   def: [10000, 10000, 9750, 9700, 9580, 9380, 9200, 8845, 8650, 8650, 8650] 
   new: [10000, 10000, 9750, 9720, 9600, 9380, 9200, 8845, 8650, 8650, 8650]
aiawb_preference_params.prefer_r_lux.prefer_r_lux_data[8].ir[0].rg 
   def: [10000, 10000, 9750, 9700, 9580, 9350, 9200, 8800, 8650, 8650, 8650] 
   new: [10000, 10000, 9750, 9720, 9580, 9350, 9200, 8800, 8650, 8650, 8650]
aiawb_preference_params.prefer_r_lux.prefer_r_lux_data[8].ir[1].rg 
   def: [10000, 10000, 9800, 9700, 9580, 9350, 9200, 8800, 8650, 8650, 8650] 
   new: [10000, 10000, 9800, 9720, 9580, 9350, 9200, 8800, 8650, 8650, 8650]
mlcd_detect_params.low_contrast_scene_thr.value 
   def: 23.0 
   new: 20.0
mlcd_detect_params.low_sat_scene_thr.value 
   def: 23.0 
   new: 20.0
scene_detect_params.adrc_gain_thr_true.value 
   def: 2.5 
   new: 4.0
scene_detect_params.face_dominant_conf_thr_false.value 
   def: 23 
   new: 30
scene_detect_params.face_dominant_conf_thr_true.value 
   def: 18 
   new: 20
scene_detect_params.gray_trad_dist_p2_line_thr_false.value 
   def: 41.0 
   new: 35.0
scene_detect_params.gray_trad_dist_p2_line_thr_true.value 
   def: 45.0 
   new: 40.0
switch_params.enable_aiawb_feature.value 
   def: True 
   new: None
switch_params.enable_aiawb_model.value 
   def: True 
   new: None
switch_params.enable_mlcd_detect.value 
   def: True 
   new: None
switch_params.enable_multiillum_detect.value 
   def: True 
   new: None
weight_params.scene_weight_lut.lut_layers[3].weights 
   def: [[0.5, 0.5, 0.5, 0.5, 0.5, 0.5, 0.5, 0.5], [0.5, 0.5, 0.5, 0.5, 0.5, 0.5, 0.5, 0.5], [0.5, 0.5, 0.5, 0.5, 0.5, 0.5, 0.5, 0.5], [0.5, 0.5, 0.5, 0.5, 0.5, 0.5, 0.5, 0.5], [0.5, 0.5, 0.5, 0.5, 0.5, 0.5, 0.5, 0.5], [0.4000000059604645, 0.4000000059604645, 0.4000000059604645, 0.4000000059604645, 0.4000000059604645, 0.4000000059604645, 0.4000000059604645, 0.4000000059604645], [0.30000001192092896, 0.30000001192092896, 0.30000001192092896, 0.30000001192092896, 0.30000001192092896, 0.30000001192092896, 0.30000001192092896, 0.30000001192092896], [0.30000001192092896, 0.30000001192092896, 0.30000001192092896, 0.30000001192092896, 0.30000001192092896, 0.30000001192092896, 0.30000001192092896, 0.30000001192092896], [0.30000001192092896, 0.30000001192092896, 0.30000001192092896, 0.30000001192092896, 0.30000001192092896, 0.30000001192092896, 0.30000001192092896, 0.30000001192092896], [0.30000001192092 
   new: [[0.5, 0.5, 0.5, 0.5, 0.5, 0.5, 0.5, 0.5], [0.5, 0.5, 0.5, 0.5, 0.5, 0.5, 0.5, 0.5], [0.5, 0.5, 0.5, 0.5, 0.5, 0.5, 0.5, 0.5], [0.30000001192092896, 0.30000001192092896, 0.30000001192092896, 0.30000001192092896, 0.30000001192092896, 0.30000001192092896, 0.30000001192092896, 0.30000001192092896], [0.30000001192092896, 0.30000001192092896, 0.30000001192092896, 0.30000001192092896, 0.30000001192092896, 0.30000001192092896, 0.30000001192092896, 0.30000001192092896], [0.30000001192092896, 0.30000001192092896, 0.30000001192092896, 0.30000001192092896, 0.30000001192092896, 0.30000001192092896, 0.30000001192092896, 0.30000001192092896], [0.30000001192092896, 0.30000001192092896, 0.30000001192092896, 0.30000001192092896, 0.30000001192092896, 0.30000001192092896, 0.30000001192092896, 0.30000001192092896], [0.30000001192092896, 0.30000001192092896, 0.30000001192092896, 0.30000001192092896, 0.300000
weight_params.scene_weight_lut.lut_layers[4].weights 
   def: [[0.5, 0.5, 0.5, 0.5, 0.5, 0.5, 0.5, 0.5], [0.5, 0.5, 0.5, 0.5, 0.5, 0.5, 0.5, 0.5], [0.5, 0.5, 0.5, 0.5, 0.5, 0.5, 0.5, 0.5], [0.5, 0.5, 0.5, 0.5, 0.5, 0.5, 0.5, 0.5], [0.5, 0.5, 0.5, 0.5, 0.5, 0.5, 0.5, 0.5], [0.4000000059604645, 0.4000000059604645, 0.4000000059604645, 0.4000000059604645, 0.4000000059604645, 0.4000000059604645, 0.4000000059604645, 0.4000000059604645], [0.30000001192092896, 0.30000001192092896, 0.30000001192092896, 0.30000001192092896, 0.30000001192092896, 0.30000001192092896, 0.30000001192092896, 0.30000001192092896], [0.30000001192092896, 0.30000001192092896, 0.30000001192092896, 0.30000001192092896, 0.30000001192092896, 0.30000001192092896, 0.30000001192092896, 0.30000001192092896], [0.30000001192092896, 0.30000001192092896, 0.30000001192092896, 0.30000001192092896, 0.30000001192092896, 0.30000001192092896, 0.30000001192092896, 0.30000001192092896], [0.30000001192092 
   new: [[0.5, 0.5, 0.5, 0.5, 0.5, 0.5, 0.5, 0.5], [0.5, 0.5, 0.5, 0.5, 0.5, 0.5, 0.5, 0.5], [0.5, 0.5, 0.5, 0.5, 0.5, 0.5, 0.5, 0.5], [0.30000001192092896, 0.30000001192092896, 0.30000001192092896, 0.30000001192092896, 0.30000001192092896, 0.30000001192092896, 0.30000001192092896, 0.30000001192092896], [0.30000001192092896, 0.30000001192092896, 0.30000001192092896, 0.30000001192092896, 0.30000001192092896, 0.30000001192092896, 0.30000001192092896, 0.30000001192092896], [0.30000001192092896, 0.30000001192092896, 0.30000001192092896, 0.30000001192092896, 0.30000001192092896, 0.30000001192092896, 0.30000001192092896, 0.30000001192092896], [0.30000001192092896, 0.30000001192092896, 0.30000001192092896, 0.30000001192092896, 0.30000001192092896, 0.30000001192092896, 0.30000001192092896, 0.30000001192092896], [0.30000001192092896, 0.30000001192092896, 0.30000001192092896, 0.30000001192092896, 0.300000
weight_params.scene_weight_lut.lut_layers[5].weights 
   def: [[0.5, 0.5, 0.5, 0.5, 0.5, 0.5, 0.5, 0.5], [0.5, 0.5, 0.5, 0.5, 0.5, 0.5, 0.5, 0.5], [0.5, 0.5, 0.5, 0.5, 0.5, 0.5, 0.5, 0.5], [0.5, 0.5, 0.5, 0.5, 0.5, 0.5, 0.5, 0.5], [0.30000001192092896, 0.30000001192092896, 0.30000001192092896, 0.30000001192092896, 0.30000001192092896, 0.30000001192092896, 0.30000001192092896, 0.30000001192092896], [0.30000001192092896, 0.30000001192092896, 0.30000001192092896, 0.30000001192092896, 0.30000001192092896, 0.30000001192092896, 0.30000001192092896, 0.30000001192092896], [0.30000001192092896, 0.30000001192092896, 0.30000001192092896, 0.30000001192092896, 0.30000001192092896, 0.30000001192092896, 0.30000001192092896, 0.30000001192092896], [0.30000001192092896, 0.30000001192092896, 0.30000001192092896, 0.30000001192092896, 0.30000001192092896, 0.30000001192092896, 0.30000001192092896, 0.30000001192092896], [0.30000001192092896, 0.30000001192092896, 0.300000 
   new: [[0.5, 0.5, 0.5, 0.5, 0.5, 0.5, 0.5, 0.5], [0.5, 0.5, 0.5, 0.5, 0.5, 0.5, 0.5, 0.5], [0.5, 0.5, 0.5, 0.5, 0.5, 0.5, 0.5, 0.5], [0.30000001192092896, 0.30000001192092896, 0.30000001192092896, 0.30000001192092896, 0.30000001192092896, 0.30000001192092896, 0.30000001192092896, 0.30000001192092896], [0.30000001192092896, 0.30000001192092896, 0.30000001192092896, 0.30000001192092896, 0.30000001192092896, 0.30000001192092896, 0.30000001192092896, 0.30000001192092896], [0.30000001192092896, 0.30000001192092896, 0.30000001192092896, 0.30000001192092896, 0.30000001192092896, 0.30000001192092896, 0.30000001192092896, 0.30000001192092896], [0.30000001192092896, 0.30000001192092896, 0.30000001192092896, 0.30000001192092896, 0.30000001192092896, 0.30000001192092896, 0.30000001192092896, 0.30000001192092896], [0.30000001192092896, 0.30000001192092896, 0.30000001192092896, 0.30000001192092896, 0.300000
weight_params.special_illum_trad_dist_p2_line_thr_false.value 
   def: 50.0 
   new: 45.0
weight_params.special_illum_trad_dist_p2_line_thr_true.value 
   def: 40.0 
   new: 35.0
######## AWBPreference [(-1, -1, -1, -1, -1, -1, -1), (1, -1, 7, -1, -1, -1, -1), (1, 1, 1, -1, -1, -1, -1), (1, 1, 8, -1, -1, -1, -1), (1, 2, -1, -1, -1, -1, -1), (32, -1, -1, -1, -1, -1, -1)]
=== Legend key (1, -1, 7, -1, -1, -1, -1)
prefer_l_lux.prefer_l_lux_data[0].ir[0].bg 
   def: [10000, 10101, 10160, 10190, 10400, 10730, 10810, 11235, 11765, 12195, 12195] 
   new: [10000, 10000, 10000, 10000, 10000, 10000, 10000, 10000, 10000, 10000, 10000]
prefer_l_lux.prefer_l_lux_data[0].ir[0].rg 
   def: [10000, 10000, 9830, 9800, 9800, 9600, 9434, 9215, 8650, 8650, 8650] 
   new: [10000, 10000, 10000, 10000, 10000, 10000, 10000, 10000, 10000, 10000, 10000]
prefer_l_lux.prefer_l_lux_data[0].ir[1].bg 
   def: [10000, 10101, 10160, 10190, 10400, 10730, 10810, 11235, 11765, 12195, 12195] 
   new: [10000, 10000, 10000, 10000, 10000, 10000, 10000, 10000, 10000, 10000, 10000]
prefer_l_lux.prefer_l_lux_data[0].ir[1].rg 
   def: [10000, 10000, 9830, 9800, 9800, 9600, 9434, 9215, 8650, 8650, 8650] 
   new: [10000, 10000, 10000, 10000, 10000, 10000, 10000, 10000, 10000, 10000, 10000]
prefer_l_lux.prefer_l_lux_data[10].ir[0].bg 
   def: [10000, 10101, 10350, 10385, 10695, 10905, 11050, 11135, 11765, 12235, 12195] 
   new: [10000, 10000, 10000, 10000, 10000, 10000, 10000, 10000, 10000, 10000, 10000]
prefer_l_lux.prefer_l_lux_data[10].ir[0].rg 
   def: [10000, 10000, 9800, 9750, 9580, 9300, 9180, 8730, 8580, 8600, 8650] 
   new: [10000, 10000, 10000, 10000, 10000, 10000, 10000, 10000, 10000, 10000, 10000]
prefer_l_lux.prefer_l_lux_data[10].ir[1].bg 
   def: [10000, 10101, 10350, 10385, 10695, 10905, 11050, 11165, 11765, 12235, 12195] 
   new: [10000, 10000, 10000, 10000, 10000, 10000, 10000, 10000, 10000, 10000, 10000]
prefer_l_lux.prefer_l_lux_data[10].ir[1].rg 
   def: [10000, 10000, 9800, 9750, 9580, 9300, 9200, 8730, 8580, 8600, 8650] 
   new: [10000, 10000, 10000, 10000, 10000, 10000, 10000, 10000, 10000, 10000, 10000]
prefer_l_lux.prefer_l_lux_data[11].ir[0].bg 
   def: [10000, 10101, 10417, 10415, 10695, 10905, 11050, 11135, 11765, 12235, 12195] 
   new: [10000, 10000, 10000, 10000, 10000, 10000, 10000, 10000, 10000, 10000, 10000]
prefer_l_lux.prefer_l_lux_data[11].ir[0].rg 
   def: [10000, 10000, 9823, 9700, 9600, 9300, 9200, 8780, 8590, 8600, 8650] 
   new: [10000, 10000, 10000, 10000, 10000, 10000, 10000, 10000, 10000, 10000, 10000]
prefer_l_lux.prefer_l_lux_data[11].ir[1].bg 
   def: [10000, 10101, 10417, 10415, 10695, 10905, 11050, 11235, 11765, 12235, 12195] 
   new: [10000, 10000, 10000, 10000, 10000, 10000, 10000, 10000, 10000, 10000, 10000]
prefer_l_lux.prefer_l_lux_data[11].ir[1].rg 
   def: [10000, 10000, 9823, 9700, 9600, 9300, 9200, 8880, 8590, 8600, 8650] 
   new: [10000, 10000, 10000, 10000, 10000, 10000, 10000, 10000, 10000, 10000, 10000]
prefer_l_lux.prefer_l_lux_data[12].ir[0].bg 
   def: [10000, 10101, 10309, 10420, 10580, 10855, 11000, 11235, 11765, 12235, 12195] 
   new: [10000, 10000, 10000, 10000, 10000, 10000, 10000, 10000, 10000, 10000, 10000]
prefer_l_lux.prefer_l_lux_data[12].ir[0].rg 
   def: [10000, 10000, 9785, 9555, 9540, 9400, 9250, 8880, 8650, 8600, 8650] 
   new: [10000, 10000, 10000, 10000, 10000, 10000, 10000, 10000, 10000, 10000, 10000]
prefer_l_lux.prefer_l_lux_data[12].ir[1].bg 
   def: [10000, 10101, 10289, 10420, 10550, 10855, 11000, 11235, 11765, 12235, 12195] 
   new: [10000, 10000, 10000, 10000, 10000, 10000, 10000, 10000, 10000, 10000, 10000]
prefer_l_lux.prefer_l_lux_data[12].ir[1].rg 
   def: [10000, 10000, 9705, 9555, 9500, 9400, 9250, 8880, 8650, 8600, 8650] 
   new: [10000, 10000, 10000, 10000, 10000, 10000, 10000, 10000, 10000, 10000, 10000]
prefer_l_lux.prefer_l_lux_data[13].ir[0].bg 
   def: [10000, 10101, 10309, 10420, 10580, 10855, 11000, 11235, 11765, 12235, 12195] 
   new: [10000, 10000, 10000, 10000, 10000, 10000, 10000, 10000, 10000, 10000, 10000]
prefer_l_lux.prefer_l_lux_data[13].ir[0].rg 
   def: [10000, 10000, 9785, 9555, 9500, 9380, 9250, 8880, 8650, 8600, 8650] 
   new: [10000, 10000, 10000, 10000, 10000, 10000, 10000, 10000, 10000, 10000, 10000]
prefer_l_lux.prefer_l_lux_data[13].ir[1].bg 
   def: [10000, 10101, 10309, 10420, 10580, 10855, 11000, 11235, 11765, 12235, 12195] 
   new: [10000, 10000, 10000, 10000, 10000, 10000, 10000, 10000, 10000, 10000, 10000]
prefer_l_lux.prefer_l_lux_data[13].ir[1].rg 
   def: [10000, 10000, 9735, 9555, 9500, 9340, 9210, 8880, 8650, 8600, 8650] 
   new: [10000, 10000, 10000, 10000, 10000, 10000, 10000, 10000, 10000, 10000, 10000]
prefer_l_lux.prefer_l_lux_data[14].ir[0].bg 
   def: [10000, 10101, 10309, 10480, 10580, 10855, 10990, 11235, 11765, 12235, 12195] 
   new: [10000, 10000, 10000, 10000, 10000, 10000, 10000, 10000, 10000, 10000, 10000]
prefer_l_lux.prefer_l_lux_data[14].ir[0].rg 
   def: [10000, 10000, 9785, 9555, 9500, 9380, 9300, 8890, 8650, 8600, 8650] 
   new: [10000, 10000, 10000, 10000, 10000, 10000, 10000, 10000, 10000, 10000, 10000]
prefer_l_lux.prefer_l_lux_data[14].ir[1].bg 
   def: [10000, 10101, 10309, 10480, 10580, 10855, 10990, 11235, 11765, 12235, 12195] 
   new: [10000, 10000, 10000, 10000, 10000, 10000, 10000, 10000, 10000, 10000, 10000]
prefer_l_lux.prefer_l_lux_data[14].ir[1].rg 
   def: [10000, 10000, 9735, 9555, 9500, 9340, 9300, 8890, 8650, 8600, 8650] 
   new: [10000, 10000, 10000, 10000, 10000, 10000, 10000, 10000, 10000, 10000, 10000]
prefer_l_lux.prefer_l_lux_data[15].ir[0].bg 
   def: [10000, 10101, 10309, 10500, 10580, 10855, 10990, 11235, 11765, 12235, 12195] 
   new: [10000, 10000, 10000, 10000, 10000, 10000, 10000, 10000, 10000, 10000, 10000]
prefer_l_lux.prefer_l_lux_data[15].ir[0].rg 
   def: [10000, 10000, 9785, 9480, 9480, 9380, 9280, 8890, 8580, 8650, 8650] 
   new: [10000, 10000, 10000, 10000, 10000, 10000, 10000, 10000, 10000, 10000, 10000]
prefer_l_lux.prefer_l_lux_data[15].ir[1].bg 
   def: [10000, 10101, 10309, 10500, 10580, 10855, 10990, 11235, 11765, 12235, 12195] 
   new: [10000, 10000, 10000, 10000, 10000, 10000, 10000, 10000, 10000, 10000, 10000]
prefer_l_lux.prefer_l_lux_data[15].ir[1].rg 
   def: [10000, 10000, 9700, 9480, 9480, 9380, 9280, 8890, 8580, 8650, 8650] 
   new: [10000, 10000, 10000, 10000, 10000, 10000, 10000, 10000, 10000, 10000, 10000]
prefer_l_lux.prefer_l_lux_data[16].ir[0].bg 
   def: [10000, 10101, 10309, 10500, 10580, 10855, 10990, 11235, 11765, 12235, 12195] 
   new: [10000, 10000, 10000, 10000, 10000, 10000, 10000, 10000, 10000, 10000, 10000]
prefer_l_lux.prefer_l_lux_data[16].ir[0].rg 
   def: [10000, 10000, 9785, 9480, 9480, 9380, 9250, 8890, 8580, 8650, 8650] 
   new: [10000, 10000, 10000, 10000, 10000, 10000, 10000, 10000, 10000, 10000, 10000]
prefer_l_lux.prefer_l_lux_data[16].ir[1].bg 
   def: [10000, 10101, 10309, 10500, 10580, 10855, 10990, 11235, 11800, 12235, 12195] 
   new: [10000, 10000, 10000, 10000, 10000, 10000, 10000, 10000, 10000, 10000, 10000]
prefer_l_lux.prefer_l_lux_data[16].ir[1].rg 
   def: [10000, 10000, 9700, 9480, 9480, 9380, 9250, 8900, 8550, 8650, 8650] 
   new: [10000, 10000, 10000, 10000, 10000, 10000, 10000, 10000, 10000, 10000, 10000]
prefer_l_lux.prefer_l_lux_data[17].ir[0].bg 
   def: [10000, 10101, 10309, 10525, 10580, 10855, 10990, 11235, 11765, 12195, 12195] 
   new: [10000, 10000, 10000, 10000, 10000, 10000, 10000, 10000, 10000, 10000, 10000]
prefer_l_lux.prefer_l_lux_data[17].ir[0].rg 
   def: [10000, 10000, 9785, 9480, 9480, 9380, 9250, 8950, 8550, 8850, 8650] 
   new: [10000, 10000, 10000, 10000, 10000, 10000, 10000, 10000, 10000, 10000, 10000]
prefer_l_lux.prefer_l_lux_data[17].ir[1].bg 
   def: [10000, 10101, 10309, 10525, 10580, 10855, 10990, 11235, 11765, 12195, 12195] 
   new: [10000, 10000, 10000, 10000, 10000, 10000, 10000, 10000, 10000, 10000, 10000]
prefer_l_lux.prefer_l_lux_data[17].ir[1].rg 
   def: [10000, 10000, 9785, 9480, 9480, 9380, 9250, 8950, 8650, 8850, 8650] 
   new: [10000, 10000, 10000, 10000, 10000, 10000, 10000, 10000, 10000, 10000, 10000]
prefer_l_lux.prefer_l_lux_data[18].ir[0].bg 
   def: [10000, 10101, 10309, 10525, 10580, 10855, 10990, 11235, 11765, 12105, 12145] 
   new: [10000, 10000, 10000, 10000, 10000, 10000, 10000, 10000, 10000, 10000, 10000]
prefer_l_lux.prefer_l_lux_data[18].ir[0].rg 
   def: [10000, 10000, 9785, 9480, 9480, 9380, 9300, 8950, 8650, 8700, 8650] 
   new: [10000, 10000, 10000, 10000, 10000, 10000, 10000, 10000, 10000, 10000, 10000]
prefer_l_lux.prefer_l_lux_data[18].ir[1].bg 
   def: [10000, 10101, 10309, 10525, 10580, 10855, 10990, 11235, 11765, 12105, 12145] 
   new: [10000, 10000, 10000, 10000, 10000, 10000, 10000, 10000, 10000, 10000, 10000]
prefer_l_lux.prefer_l_lux_data[18].ir[1].rg 
   def: [10000, 10000, 9785, 9480, 9480, 9400, 9300, 8950, 8650, 8700, 8650] 
   new: [10000, 10000, 10000, 10000, 10000, 10000, 10000, 10000, 10000, 10000, 10000]
prefer_l_lux.prefer_l_lux_data[19].ir[0].bg 
   def: [10000, 10101, 10309, 10525, 10580, 10755, 10990, 11235, 11765, 12105, 12145] 
   new: [10000, 10000, 10000, 10000, 10000, 10000, 10000, 10000, 10000, 10000, 10000]
prefer_l_lux.prefer_l_lux_data[19].ir[0].rg 
   def: [10000, 10000, 9785, 9480, 9480, 9450, 9300, 8950, 8650, 8700, 8650] 
   new: [10000, 10000, 10000, 10000, 10000, 10000, 10000, 10000, 10000, 10000, 10000]
prefer_l_lux.prefer_l_lux_data[19].ir[1].bg 
   def: [10000, 10101, 10309, 10525, 10580, 10755, 10990, 11235, 11765, 12105, 12145] 
   new: [10000, 10000, 10000, 10000, 10000, 10000, 10000, 10000, 10000, 10000, 10000]
prefer_l_lux.prefer_l_lux_data[19].ir[1].rg 
   def: [10000, 10000, 9785, 9480, 9480, 9450, 9300, 8950, 8650, 8700, 8650] 
   new: [10000, 10000, 10000, 10000, 10000, 10000, 10000, 10000, 10000, 10000, 10000]
prefer_l_lux.prefer_l_lux_data[1].ir[0].bg 
   def: [10000, 10101, 10160, 10190, 10400, 10730, 10810, 11235, 11765, 12195, 12195] 
   new: [10000, 10000, 10000, 10000, 10000, 10000, 10000, 10000, 10000, 10000, 10000]
prefer_l_lux.prefer_l_lux_data[1].ir[0].rg 
   def: [10000, 10000, 9830, 9800, 9805, 9600, 9434, 9215, 8650, 8650, 8650] 
   new: [10000, 10000, 10000, 10000, 10000, 10000, 10000, 10000, 10000, 10000, 10000]
prefer_l_lux.prefer_l_lux_data[1].ir[1].bg 
   def: [10000, 10101, 10160, 10190, 10400, 10730, 10810, 11235, 11765, 12195, 12195] 
   new: [10000, 10000, 10000, 10000, 10000, 10000, 10000, 10000, 10000, 10000, 10000]
prefer_l_lux.prefer_l_lux_data[1].ir[1].rg 
   def: [10000, 10000, 9830, 9800, 9805, 9600, 9434, 9215, 8650, 8650, 8650] 
   new: [10000, 10000, 10000, 10000, 10000, 10000, 10000, 10000, 10000, 10000, 10000]
prefer_l_lux.prefer_l_lux_data[20].ir[0].bg 
   def: [10000, 10101, 10309, 10525, 10580, 10755, 10990, 11235, 11765, 12105, 12145] 
   new: [10000, 10000, 10000, 10000, 10000, 10000, 10000, 10000, 10000, 10000, 10000]
prefer_l_lux.prefer_l_lux_data[20].ir[0].rg 
   def: [10000, 10000, 9785, 9480, 9480, 9450, 9300, 8900, 8650, 8750, 8650] 
   new: [10000, 10000, 10000, 10000, 10000, 10000, 10000, 10000, 10000, 10000, 10000]
prefer_l_lux.prefer_l_lux_data[20].ir[1].bg 
   def: [10000, 10101, 10309, 10525, 10580, 10755, 10990, 11235, 11765, 12105, 12195] 
   new: [10000, 10000, 10000, 10000, 10000, 10000, 10000, 10000, 10000, 10000, 10000]
prefer_l_lux.prefer_l_lux_data[20].ir[1].rg 
   def: [10000, 10000, 9785, 9480, 9480, 9450, 9300, 8900, 8650, 8750, 8650] 
   new: [10000, 10000, 10000, 10000, 10000, 10000, 10000, 10000, 10000, 10000, 10000]
prefer_l_lux.prefer_l_lux_data[21].ir[0].bg 
   def: [10000, 10101, 10309, 10525, 10580, 10755, 10990, 11235, 11765, 12105, 12195] 
   new: [10000, 10000, 10000, 10000, 10000, 10000, 10000, 10000, 10000, 10000, 10000]
prefer_l_lux.prefer_l_lux_data[21].ir[0].rg 
   def: [10000, 10000, 9785, 9480, 9480, 9450, 9300, 8900, 8650, 8750, 8650] 
   new: [10000, 10000, 10000, 10000, 10000, 10000, 10000, 10000, 10000, 10000, 10000]
prefer_l_lux.prefer_l_lux_data[21].ir[1].bg 
   def: [10000, 10101, 10309, 10525, 10580, 10755, 10990, 11235, 11765, 12105, 12195] 
   new: [10000, 10000, 10000, 10000, 10000, 10000, 10000, 10000, 10000, 10000, 10000]
prefer_l_lux.prefer_l_lux_data[21].ir[1].rg 
   def: [10000, 10000, 9785, 9480, 9480, 9450, 9300, 8900, 8650, 8750, 8650] 
   new: [10000, 10000, 10000, 10000, 10000, 10000, 10000, 10000, 10000, 10000, 10000]
prefer_l_lux.prefer_l_lux_data[22].ir[0].bg 
   def: [10000, 10101, 10309, 10525, 10580, 10755, 10990, 11235, 11765, 12195, 12195] 
   new: [10000, 10000, 10000, 10000, 10000, 10000, 10000, 10000, 10000, 10000, 10000]
prefer_l_lux.prefer_l_lux_data[22].ir[0].rg 
   def: [10000, 10000, 9785, 9480, 9480, 9450, 9300, 8900, 8650, 8850, 8650] 
   new: [10000, 10000, 10000, 10000, 10000, 10000, 10000, 10000, 10000, 10000, 10000]
prefer_l_lux.prefer_l_lux_data[22].ir[1].bg 
   def: [10000, 10101, 10309, 10525, 10580, 10755, 10990, 11235, 11765, 12195, 12195] 
   new: [10000, 10000, 10000, 10000, 10000, 10000, 10000, 10000, 10000, 10000, 10000]
prefer_l_lux.prefer_l_lux_data[22].ir[1].rg 
   def: [10000, 10000, 9785, 9480, 9480, 9450, 9300, 8900, 8650, 8850, 8650] 
   new: [10000, 10000, 10000, 10000, 10000, 10000, 10000, 10000, 10000, 10000, 10000]
prefer_l_lux.prefer_l_lux_data[23].ir[0].bg 
   def: [10000, 10101, 10309, 10525, 10580, 10755, 10990, 11235, 11765, 12195, 12195] 
   new: [10000, 10000, 10000, 10000, 10000, 10000, 10000, 10000, 10000, 10000, 10000]
prefer_l_lux.prefer_l_lux_data[23].ir[0].rg 
   def: [10000, 10000, 9785, 9480, 9480, 9450, 9300, 8900, 8650, 8850, 8650] 
   new: [10000, 10000, 10000, 10000, 10000, 10000, 10000, 10000, 10000, 10000, 10000]
prefer_l_lux.prefer_l_lux_data[23].ir[1].bg 
   def: [10000, 10101, 10309, 10525, 10580, 10755, 10990, 11235, 11765, 12195, 12195] 
   new: [10000, 10000, 10000, 10000, 10000, 10000, 10000, 10000, 10000, 10000, 10000]
prefer_l_lux.prefer_l_lux_data[23].ir[1].rg 
   def: [10000, 10000, 9785, 9480, 9480, 9450, 9300, 8900, 8650, 8850, 8650] 
   new: [10000, 10000, 10000, 10000, 10000, 10000, 10000, 10000, 10000, 10000, 10000]
prefer_l_lux.prefer_l_lux_data[2].ir[0].bg 
   def: [10000, 10101, 10200, 10250, 10460, 10730, 10810, 11135, 11765, 12195, 12195] 
   new: [10000, 10000, 10000, 10000, 10000, 10000, 10000, 10000, 10000, 10000, 10000]
prefer_l_lux.prefer_l_lux_data[2].ir[0].rg 
   def: [10000, 10000, 9800, 9800, 9805, 9600, 9434, 9115, 8650, 8650, 8650] 
   new: [10000, 10000, 10000, 10000, 10000, 10000, 10000, 10000, 10000, 10000, 10000]
prefer_l_lux.prefer_l_lux_data[2].ir[1].bg 
   def: [10000, 10101, 10200, 10250, 10500, 10730, 10840, 11135, 11765, 12195, 12195] 
   new: [10000, 10000, 10000, 10000, 10000, 10000, 10000, 10000, 10000, 10000, 10000]
prefer_l_lux.prefer_l_lux_data[2].ir[1].rg 
   def: [10000, 10000, 9800, 9780, 9680, 9600, 9434, 9115, 8650, 8650, 8650] 
   new: [10000, 10000, 10000, 10000, 10000, 10000, 10000, 10000, 10000, 10000, 10000]
prefer_l_lux.prefer_l_lux_data[3].ir[0].bg 
   def: [10000, 10101, 10220, 10250, 10500, 10720, 10845, 11135, 11765, 12195, 12195] 
   new: [10000, 10000, 10000, 10000, 10000, 10000, 10000, 10000, 10000, 10000, 10000]
prefer_l_lux.prefer_l_lux_data[3].ir[0].rg 
   def: [10000, 10000, 9800, 9730, 9680, 9550, 9346, 9115, 8650, 8650, 8650] 
   new: [10000, 10000, 10000, 10000, 10000, 10000, 10000, 10000, 10000, 10000, 10000]
prefer_l_lux.prefer_l_lux_data[3].ir[1].bg 
   def: [10000, 10101, 10250, 10250, 10500, 10720, 10865, 11135, 11765, 12195, 12195] 
   new: [10000, 10000, 10000, 10000, 10000, 10000, 10000, 10000, 10000, 10000, 10000]
prefer_l_lux.prefer_l_lux_data[3].ir[1].rg 
   def: [10000, 10000, 9800, 9730, 9650, 9450, 9290, 9115, 8650, 8850, 8650] 
   new: [10000, 10000, 10000, 10000, 10000, 10000, 10000, 10000, 10000, 10000, 10000]
prefer_l_lux.prefer_l_lux_data[4].ir[0].bg 
   def: [10000, 10101, 10280, 10250, 10500, 10720, 10865, 11135, 11765, 12195, 12195] 
   new: [10000, 10000, 10000, 10000, 10000, 10000, 10000, 10000, 10000, 10000, 10000]
prefer_l_lux.prefer_l_lux_data[4].ir[0].rg 
   def: [10000, 10000, 9810, 9740, 9680, 9480, 9290, 9105, 8650, 8650, 8650] 
   new: [10000, 10000, 10000, 10000, 10000, 10000, 10000, 10000, 10000, 10000, 10000]
prefer_l_lux.prefer_l_lux_data[4].ir[1].bg 
   def: [10000, 10101, 10350, 10250, 10500, 10720, 10865, 11135, 11765, 12195, 12195] 
   new: [10000, 10000, 10000, 10000, 10000, 10000, 10000, 10000, 10000, 10000, 10000]
prefer_l_lux.prefer_l_lux_data[4].ir[1].rg 
   def: [10000, 10000, 9780, 9730, 9650, 9450, 9290, 9105, 8650, 8650, 8650] 
   new: [10000, 10000, 10000, 10000, 10000, 10000, 10000, 10000, 10000, 10000, 10000]
prefer_l_lux.prefer_l_lux_data[5].ir[0].bg 
   def: [10000, 10101, 10350, 10250, 10500, 10750, 10845, 11135, 11765, 12195, 12195] 
   new: [10000, 10000, 10000, 10000, 10000, 10000, 10000, 10000, 10000, 10000, 10000]
prefer_l_lux.prefer_l_lux_data[5].ir[0].rg 
   def: [10000, 10000, 9750, 9730, 9680, 9480, 9300, 9000, 8650, 8650, 8650] 
   new: [10000, 10000, 10000, 10000, 10000, 10000, 10000, 10000, 10000, 10000, 10000]
prefer_l_lux.prefer_l_lux_data[5].ir[1].bg 
   def: [10000, 10101, 10350, 10250, 10480, 10750, 10845, 11135, 11765, 12195, 12195] 
   new: [10000, 10000, 10000, 10000, 10000, 10000, 10000, 10000, 10000, 10000, 10000]
prefer_l_lux.prefer_l_lux_data[5].ir[1].rg 
   def: [10000, 10000, 9750, 9650, 9620, 9420, 9280, 9000, 8650, 8650, 8650] 
   new: [10000, 10000, 10000, 10000, 10000, 10000, 10000, 10000, 10000, 10000, 10000]
prefer_l_lux.prefer_l_lux_data[6].ir[0].bg 
   def: [10000, 10101, 10350, 10250, 10500, 10795, 11015, 11135, 11765, 12195, 12195] 
   new: [10000, 10000, 10000, 10000, 10000, 10000, 10000, 10000, 10000, 10000, 10000]
prefer_l_lux.prefer_l_lux_data[6].ir[0].rg 
   def: [10000, 10000, 9750, 9710, 9680, 9380, 9240, 8845, 8650, 8650, 8650] 
   new: [10000, 10000, 10000, 10000, 10000, 10000, 10000, 10000, 10000, 10000, 10000]
prefer_l_lux.prefer_l_lux_data[6].ir[1].bg 
   def: [10000, 10101, 10350, 10250, 10480, 10855, 11015, 11135, 11765, 12195, 12195] 
   new: [10000, 10000, 10000, 10000, 10000, 10000, 10000, 10000, 10000, 10000, 10000]
prefer_l_lux.prefer_l_lux_data[6].ir[1].rg 
   def: [10000, 10000, 9750, 9650, 9620, 9350, 9240, 8845, 8650, 8650, 8650] 
   new: [10000, 10000, 10000, 10000, 10000, 10000, 10000, 10000, 10000, 10000, 10000]
prefer_l_lux.prefer_l_lux_data[7].ir[0].bg 
   def: [10000, 10050, 10350, 10305, 10540, 10905, 11050, 11135, 11765, 12195, 12195] 
   new: [10000, 10000, 10000, 10000, 10000, 10000, 10000, 10000, 10000, 10000, 10000]
prefer_l_lux.prefer_l_lux_data[7].ir[0].rg 
   def: [10000, 10000, 9750, 9710, 9580, 9310, 9160, 8845, 8650, 8650, 8650] 
   new: [10000, 10000, 10000, 10000, 10000, 10000, 10000, 10000, 10000, 10000, 10000]
prefer_l_lux.prefer_l_lux_data[7].ir[1].bg 
   def: [10000, 10050, 10350, 10305, 10540, 10905, 11050, 11135, 11765, 12195, 12195] 
   new: [10000, 10000, 10000, 10000, 10000, 10000, 10000, 10000, 10000, 10000, 10000]
prefer_l_lux.prefer_l_lux_data[7].ir[1].rg 
   def: [10000, 10000, 9750, 9670, 9550, 9310, 9160, 8845, 8650, 8650, 8650] 
   new: [10000, 10000, 10000, 10000, 10000, 10000, 10000, 10000, 10000, 10000, 10000]
prefer_l_lux.prefer_l_lux_data[8].ir[0].bg 
   def: [10000, 10050, 10350, 10355, 10660, 10905, 11050, 11135, 11805, 12195, 12195] 
   new: [10000, 10000, 10000, 10000, 10000, 10000, 10000, 10000, 10000, 10000, 10000]
prefer_l_lux.prefer_l_lux_data[8].ir[0].rg 
   def: [10000, 10000, 9750, 9710, 9550, 9300, 9160, 8850, 8650, 8650, 8650] 
   new: [10000, 10000, 10000, 10000, 10000, 10000, 10000, 10000, 10000, 10000, 10000]
prefer_l_lux.prefer_l_lux_data[8].ir[1].bg 
   def: [10000, 10050, 10350, 10375, 10660, 10905, 11050, 11135, 11805, 12195, 12195] 
   new: [10000, 10000, 10000, 10000, 10000, 10000, 10000, 10000, 10000, 10000, 10000]
prefer_l_lux.prefer_l_lux_data[8].ir[1].rg 
   def: [10000, 10000, 9750, 9670, 9550, 9300, 9160, 8820, 8650, 8650, 8650] 
   new: [10000, 10000, 10000, 10000, 10000, 10000, 10000, 10000, 10000, 10000, 10000]
prefer_l_lux.prefer_l_lux_data[9].ir[0].bg 
   def: [10000, 10101, 10310, 10385, 10660, 10905, 11050, 11135, 11785, 12195, 12195] 
   new: [10000, 10000, 10000, 10000, 10000, 10000, 10000, 10000, 10000, 10000, 10000]
prefer_l_lux.prefer_l_lux_data[9].ir[0].rg 
   def: [10000, 10000, 9800, 9720, 9550, 9280, 9160, 8750, 8550, 8650, 8650] 
   new: [10000, 10000, 10000, 10000, 10000, 10000, 10000, 10000, 10000, 10000, 10000]
prefer_l_lux.prefer_l_lux_data[9].ir[1].bg 
   def: [10000, 10101, 10310, 10385, 10660, 10905, 11050, 11135, 11785, 12195, 12195] 
   new: [10000, 10000, 10000, 10000, 10000, 10000, 10000, 10000, 10000, 10000, 10000]
prefer_l_lux.prefer_l_lux_data[9].ir[1].rg 
   def: [10000, 10000, 9800, 9720, 9550, 9280, 9160, 8750, 8550, 8650, 8650] 
   new: [10000, 10000, 10000, 10000, 10000, 10000, 10000, 10000, 10000, 10000, 10000]
prefer_lux.prefer_lux_data[0].ir[0].bg 
   def: [10000, 10101, 10160, 10190, 10400, 10730, 10810, 11235, 11765, 12195, 12195] 
   new: [10000, 10000, 10000, 10000, 10000, 10000, 10000, 10000, 10000, 10000, 10000]
prefer_lux.prefer_lux_data[0].ir[0].rg 
   def: [10000, 10000, 9830, 9800, 9800, 9600, 9434, 9215, 8850, 8650, 8650] 
   new: [10000, 10000, 10000, 10000, 10000, 10000, 10000, 10000, 10000, 10000, 10000]
prefer_lux.prefer_lux_data[0].ir[1].bg 
   def: [10000, 10101, 10160, 10190, 10400, 10730, 10810, 11235, 11765, 12195, 12195] 
   new: [10000, 10000, 10000, 10000, 10000, 10000, 10000, 10000, 10000, 10000, 10000]
prefer_lux.prefer_lux_data[0].ir[1].rg 
   def: [10000, 10000, 9830, 9800, 9800, 9600, 9434, 9215, 8850, 8650, 8650] 
   new: [10000, 10000, 10000, 10000, 10000, 10000, 10000, 10000, 10000, 10000, 10000]
prefer_lux.prefer_lux_data[10].ir[0].bg 
   def: [10000, 10101, 10350, 10385, 10695, 10905, 11050, 11135, 11735, 12195, 12195] 
   new: [10000, 10000, 10000, 10000, 10000, 10000, 10000, 10000, 10000, 10000, 10000]
prefer_lux.prefer_lux_data[10].ir[0].rg 
   def: [10000, 10000, 9800, 9750, 9580, 9300, 9180, 8730, 8580, 8650, 8650] 
   new: [10000, 10000, 10000, 10000, 10000, 10000, 10000, 10000, 10000, 10000, 10000]
prefer_lux.prefer_lux_data[10].ir[1].bg 
   def: [10000, 10110, 10350, 10385, 10695, 10905, 11050, 11135, 11735, 12195, 12195] 
   new: [10000, 10000, 10000, 10000, 10000, 10000, 10000, 10000, 10000, 10000, 10000]
prefer_lux.prefer_lux_data[10].ir[1].rg 
   def: [10000, 10000, 9800, 9750, 9580, 9300, 9200, 8730, 8580, 8650, 8650] 
   new: [10000, 10000, 10000, 10000, 10000, 10000, 10000, 10000, 10000, 10000, 10000]
prefer_lux.prefer_lux_data[11].ir[0].bg 
   def: [10000, 10101, 10417, 10415, 10695, 10905, 11050, 11135, 11735, 12195, 12195] 
   new: [10000, 10000, 10000, 10000, 10000, 10000, 10000, 10000, 10000, 10000, 10000]
prefer_lux.prefer_lux_data[11].ir[0].rg 
   def: [10000, 10000, 9823, 9700, 9600, 9300, 9200, 8780, 8590, 8650, 8650] 
   new: [10000, 10000, 10000, 10000, 10000, 10000, 10000, 10000, 10000, 10000, 10000]
prefer_lux.prefer_lux_data[11].ir[1].bg 
   def: [10000, 10101, 10417, 10415, 10695, 10905, 11050, 11235, 11735, 12195, 12195] 
   new: [10000, 10000, 10000, 10000, 10000, 10000, 10000, 10000, 10000, 10000, 10000]
prefer_lux.prefer_lux_data[11].ir[1].rg 
   def: [10000, 10000, 9823, 9700, 9600, 9300, 9200, 8880, 8590, 8650, 8650] 
   new: [10000, 10000, 10000, 10000, 10000, 10000, 10000, 10000, 10000, 10000, 10000]
prefer_lux.prefer_lux_data[12].ir[0].bg 
   def: [10000, 10101, 10309, 10420, 10580, 10855, 11000, 11235, 11735, 12195, 12195] 
   new: [10000, 10000, 10000, 10000, 10000, 10000, 10000, 10000, 10000, 10000, 10000]
prefer_lux.prefer_lux_data[12].ir[0].rg 
   def: [10000, 10000, 9785, 9585, 9540, 9400, 9250, 8880, 8650, 8650, 8650] 
   new: [10000, 10000, 10000, 10000, 10000, 10000, 10000, 10000, 10000, 10000, 10000]
prefer_lux.prefer_lux_data[12].ir[1].bg 
   def: [10000, 10101, 10309, 10420, 10580, 10855, 11000, 11235, 11735, 12195, 12195] 
   new: [10000, 10000, 10000, 10000, 10000, 10000, 10000, 10000, 10000, 10000, 10000]
prefer_lux.prefer_lux_data[12].ir[1].rg 
   def: [10000, 10000, 9785, 9585, 9540, 9400, 9250, 8880, 8650, 8650, 8650] 
   new: [10000, 10000, 10000, 10000, 10000, 10000, 10000, 10000, 10000, 10000, 10000]
prefer_lux.prefer_lux_data[13].ir[0].bg 
   def: [10000, 10101, 10309, 10420, 10580, 10855, 11000, 11235, 11735, 12195, 12195] 
   new: [10000, 10000, 10000, 10000, 10000, 10000, 10000, 10000, 10000, 10000, 10000]
prefer_lux.prefer_lux_data[13].ir[0].rg 
   def: [10000, 10000, 9785, 9585, 9500, 9380, 9250, 8880, 8650, 8650, 8650] 
   new: [10000, 10000, 10000, 10000, 10000, 10000, 10000, 10000, 10000, 10000, 10000]
prefer_lux.prefer_lux_data[13].ir[1].bg 
   def: [10000, 10101, 10309, 10420, 10580, 10855, 11000, 11235, 11735, 12195, 12195] 
   new: [10000, 10000, 10000, 10000, 10000, 10000, 10000, 10000, 10000, 10000, 10000]
prefer_lux.prefer_lux_data[13].ir[1].rg 
   def: [10000, 10000, 9785, 9585, 9500, 9340, 9210, 8880, 8650, 8650, 8650] 
   new: [10000, 10000, 10000, 10000, 10000, 10000, 10000, 10000, 10000, 10000, 10000]
prefer_lux.prefer_lux_data[14].ir[0].bg 
   def: [10000, 10101, 10309, 10480, 10580, 10855, 10990, 11235, 11735, 12195, 12195] 
   new: [10000, 10000, 10000, 10000, 10000, 10000, 10000, 10000, 10000, 10000, 10000]
prefer_lux.prefer_lux_data[14].ir[0].rg 
   def: [10000, 10000, 9785, 9585, 9500, 9380, 9300, 8890, 8650, 8650, 8650] 
   new: [10000, 10000, 10000, 10000, 10000, 10000, 10000, 10000, 10000, 10000, 10000]
prefer_lux.prefer_lux_data[14].ir[1].bg 
   def: [10000, 10101, 10309, 10480, 10580, 10855, 10990, 11235, 11735, 12195, 12195] 
   new: [10000, 10000, 10000, 10000, 10000, 10000, 10000, 10000, 10000, 10000, 10000]
prefer_lux.prefer_lux_data[14].ir[1].rg 
   def: [10000, 10000, 9785, 9585, 9500, 9340, 9300, 8890, 8650, 8650, 8650] 
   new: [10000, 10000, 10000, 10000, 10000, 10000, 10000, 10000, 10000, 10000, 10000]
prefer_lux.prefer_lux_data[15].ir[0].bg 
   def: [10000, 10101, 10309, 10500, 10580, 10855, 10990, 11235, 11735, 12235, 12195] 
   new: [10000, 10000, 10000, 10000, 10000, 10000, 10000, 10000, 10000, 10000, 10000]
prefer_lux.prefer_lux_data[15].ir[0].rg 
   def: [10000, 10000, 9785, 9480, 9480, 9380, 9280, 8890, 8580, 8650, 8650] 
   new: [10000, 10000, 10000, 10000, 10000, 10000, 10000, 10000, 10000, 10000, 10000]
prefer_lux.prefer_lux_data[15].ir[1].bg 
   def: [10000, 10101, 10309, 10500, 10580, 10855, 10990, 11235, 11735, 12235, 12195] 
   new: [10000, 10000, 10000, 10000, 10000, 10000, 10000, 10000, 10000, 10000, 10000]
prefer_lux.prefer_lux_data[15].ir[1].rg 
   def: [10000, 10000, 9785, 9480, 9480, 9380, 9280, 8890, 8580, 8650, 8650] 
   new: [10000, 10000, 10000, 10000, 10000, 10000, 10000, 10000, 10000, 10000, 10000]
prefer_lux.prefer_lux_data[16].ir[0].bg 
   def: [10000, 10101, 10309, 10500, 10580, 10855, 10990, 11235, 11735, 12235, 12195] 
   new: [10000, 10000, 10000, 10000, 10000, 10000, 10000, 10000, 10000, 10000, 10000]
prefer_lux.prefer_lux_data[16].ir[0].rg 
   def: [10000, 10000, 9785, 9480, 9480, 9380, 9250, 8890, 8580, 8650, 8650] 
   new: [10000, 10000, 10000, 10000, 10000, 10000, 10000, 10000, 10000, 10000, 10000]
prefer_lux.prefer_lux_data[16].ir[1].bg 
   def: [10000, 10101, 10309, 10500, 10580, 10855, 10990, 11235, 11765, 12235, 12195] 
   new: [10000, 10000, 10000, 10000, 10000, 10000, 10000, 10000, 10000, 10000, 10000]
prefer_lux.prefer_lux_data[16].ir[1].rg 
   def: [10000, 10000, 9785, 9480, 9480, 9380, 9250, 8900, 8550, 8650, 8650] 
   new: [10000, 10000, 10000, 10000, 10000, 10000, 10000, 10000, 10000, 10000, 10000]
prefer_lux.prefer_lux_data[17].ir[0].bg 
   def: [10000, 10101, 10309, 10525, 10580, 10855, 10990, 11235, 11765, 12195, 12195] 
   new: [10000, 10000, 10000, 10000, 10000, 10000, 10000, 10000, 10000, 10000, 10000]
prefer_lux.prefer_lux_data[17].ir[0].rg 
   def: [10000, 10000, 9785, 9480, 9480, 9380, 9250, 8950, 8550, 8850, 8650] 
   new: [10000, 10000, 10000, 10000, 10000, 10000, 10000, 10000, 10000, 10000, 10000]
prefer_lux.prefer_lux_data[17].ir[1].bg 
   def: [10000, 10101, 10309, 10525, 10580, 10855, 10990, 11235, 11795, 12195, 12195] 
   new: [10000, 10000, 10000, 10000, 10000, 10000, 10000, 10000, 10000, 10000, 10000]
prefer_lux.prefer_lux_data[17].ir[1].rg 
   def: [10000, 10000, 9785, 9480, 9480, 9380, 9250, 8950, 8650, 8850, 8650] 
   new: [10000, 10000, 10000, 10000, 10000, 10000, 10000, 10000, 10000, 10000, 10000]
prefer_lux.prefer_lux_data[18].ir[0].bg 
   def: [10000, 10101, 10309, 10525, 10580, 10855, 10990, 11235, 11795, 12105, 12145] 
   new: [10000, 10000, 10000, 10000, 10000, 10000, 10000, 10000, 10000, 10000, 10000]
prefer_lux.prefer_lux_data[18].ir[0].rg 
   def: [10000, 10000, 9785, 9480, 9480, 9380, 9300, 8950, 8650, 8700, 8650] 
   new: [10000, 10000, 10000, 10000, 10000, 10000, 10000, 10000, 10000, 10000, 10000]
prefer_lux.prefer_lux_data[18].ir[1].bg 
   def: [10000, 10101, 10309, 10525, 10580, 10855, 10990, 11235, 11795, 12105, 12145] 
   new: [10000, 10000, 10000, 10000, 10000, 10000, 10000, 10000, 10000, 10000, 10000]
prefer_lux.prefer_lux_data[18].ir[1].rg 
   def: [10000, 10000, 9785, 9480, 9480, 9400, 9300, 8950, 8650, 8700, 8650] 
   new: [10000, 10000, 10000, 10000, 10000, 10000, 10000, 10000, 10000, 10000, 10000]
prefer_lux.prefer_lux_data[19].ir[0].bg 
   def: [10000, 10101, 10309, 10525, 10580, 10755, 10990, 11235, 11795, 12105, 12145] 
   new: [10000, 10000, 10000, 10000, 10000, 10000, 10000, 10000, 10000, 10000, 10000]
prefer_lux.prefer_lux_data[19].ir[0].rg 
   def: [10000, 10000, 9785, 9480, 9480, 9450, 9300, 8950, 8650, 8700, 8650] 
   new: [10000, 10000, 10000, 10000, 10000, 10000, 10000, 10000, 10000, 10000, 10000]
prefer_lux.prefer_lux_data[19].ir[1].bg 
   def: [10000, 10101, 10309, 10525, 10580, 10755, 10990, 11235, 11795, 12105, 12145] 
   new: [10000, 10000, 10000, 10000, 10000, 10000, 10000, 10000, 10000, 10000, 10000]
prefer_lux.prefer_lux_data[19].ir[1].rg 
   def: [10000, 10000, 9785, 9480, 9480, 9450, 9300, 8950, 8650, 8700, 8650] 
   new: [10000, 10000, 10000, 10000, 10000, 10000, 10000, 10000, 10000, 10000, 10000]
prefer_lux.prefer_lux_data[1].ir[0].bg 
   def: [10000, 10101, 10160, 10190, 10400, 10730, 10810, 11235, 11765, 12195, 12195] 
   new: [10000, 10000, 10000, 10000, 10000, 10000, 10000, 10000, 10000, 10000, 10000]
prefer_lux.prefer_lux_data[1].ir[0].rg 
   def: [10000, 10000, 9830, 9800, 9785, 9600, 9434, 9215, 8850, 8650, 8650] 
   new: [10000, 10000, 10000, 10000, 10000, 10000, 10000, 10000, 10000, 10000, 10000]
prefer_lux.prefer_lux_data[1].ir[1].bg 
   def: [10000, 10101, 10160, 10190, 10400, 10730, 10810, 11235, 11765, 12195, 12195] 
   new: [10000, 10000, 10000, 10000, 10000, 10000, 10000, 10000, 10000, 10000, 10000]
prefer_lux.prefer_lux_data[1].ir[1].rg 
   def: [10000, 10000, 9830, 9800, 9785, 9600, 9434, 9215, 8850, 8650, 8650] 
   new: [10000, 10000, 10000, 10000, 10000, 10000, 10000, 10000, 10000, 10000, 10000]
prefer_lux.prefer_lux_data[20].ir[0].bg 
   def: [10000, 10101, 10309, 10525, 10580, 10755, 10990, 11235, 11795, 12105, 12145] 
   new: [10000, 10000, 10000, 10000, 10000, 10000, 10000, 10000, 10000, 10000, 10000]
prefer_lux.prefer_lux_data[20].ir[0].rg 
   def: [10000, 10000, 9785, 9480, 9480, 9450, 9300, 8900, 8650, 8750, 8650] 
   new: [10000, 10000, 10000, 10000, 10000, 10000, 10000, 10000, 10000, 10000, 10000]
prefer_lux.prefer_lux_data[20].ir[1].bg 
   def: [10000, 10101, 10309, 10525, 10580, 10755, 10990, 11235, 11795, 12105, 12195] 
   new: [10000, 10000, 10000, 10000, 10000, 10000, 10000, 10000, 10000, 10000, 10000]
prefer_lux.prefer_lux_data[20].ir[1].rg 
   def: [10000, 10000, 9785, 9480, 9480, 9450, 9300, 8900, 8650, 8750, 8650] 
   new: [10000, 10000, 10000, 10000, 10000, 10000, 10000, 10000, 10000, 10000, 10000]
prefer_lux.prefer_lux_data[21].ir[0].bg 
   def: [10000, 10101, 10309, 10525, 10580, 10755, 10990, 11235, 11795, 12105, 12195] 
   new: [10000, 10000, 10000, 10000, 10000, 10000, 10000, 10000, 10000, 10000, 10000]
prefer_lux.prefer_lux_data[21].ir[0].rg 
   def: [10000, 10000, 9785, 9480, 9480, 9450, 9300, 8900, 8650, 8750, 8650] 
   new: [10000, 10000, 10000, 10000, 10000, 10000, 10000, 10000, 10000, 10000, 10000]
prefer_lux.prefer_lux_data[21].ir[1].bg 
   def: [10000, 10101, 10309, 10525, 10580, 10755, 10990, 11235, 11795, 12105, 12195] 
   new: [10000, 10000, 10000, 10000, 10000, 10000, 10000, 10000, 10000, 10000, 10000]
prefer_lux.prefer_lux_data[21].ir[1].rg 
   def: [10000, 10000, 9785, 9480, 9480, 9450, 9300, 8900, 8650, 8750, 8650] 
   new: [10000, 10000, 10000, 10000, 10000, 10000, 10000, 10000, 10000, 10000, 10000]
prefer_lux.prefer_lux_data[22].ir[0].bg 
   def: [10000, 10101, 10309, 10525, 10580, 10755, 10990, 11235, 11795, 12195, 12195] 
   new: [10000, 10000, 10000, 10000, 10000, 10000, 10000, 10000, 10000, 10000, 10000]
prefer_lux.prefer_lux_data[22].ir[0].rg 
   def: [10000, 10000, 9785, 9480, 9480, 9450, 9300, 8900, 8650, 8850, 8650] 
   new: [10000, 10000, 10000, 10000, 10000, 10000, 10000, 10000, 10000, 10000, 10000]
prefer_lux.prefer_lux_data[22].ir[1].bg 
   def: [10000, 10101, 10309, 10525, 10580, 10755, 10990, 11235, 11795, 12195, 12195] 
   new: [10000, 10000, 10000, 10000, 10000, 10000, 10000, 10000, 10000, 10000, 10000]
prefer_lux.prefer_lux_data[22].ir[1].rg 
   def: [10000, 10000, 9785, 9480, 9480, 9450, 9300, 8900, 8650, 8850, 8650] 
   new: [10000, 10000, 10000, 10000, 10000, 10000, 10000, 10000, 10000, 10000, 10000]
prefer_lux.prefer_lux_data[23].ir[0].bg 
   def: [10000, 10101, 10309, 10525, 10580, 10755, 10990, 11235, 11795, 12195, 12195] 
   new: [10000, 10000, 10000, 10000, 10000, 10000, 10000, 10000, 10000, 10000, 10000]
prefer_lux.prefer_lux_data[23].ir[0].rg 
   def: [10000, 10000, 9785, 9480, 9480, 9450, 9300, 8900, 8650, 8850, 8650] 
   new: [10000, 10000, 10000, 10000, 10000, 10000, 10000, 10000, 10000, 10000, 10000]
prefer_lux.prefer_lux_data[23].ir[1].bg 
   def: [10000, 10101, 10309, 10525, 10580, 10755, 10990, 11235, 11795, 12195, 12195] 
   new: [10000, 10000, 10000, 10000, 10000, 10000, 10000, 10000, 10000, 10000, 10000]
prefer_lux.prefer_lux_data[23].ir[1].rg 
   def: [10000, 10000, 9785, 9480, 9480, 9450, 9300, 8900, 8650, 8650, 8650] 
   new: [10000, 10000, 10000, 10000, 10000, 10000, 10000, 10000, 10000, 10000, 10000]
prefer_lux.prefer_lux_data[2].ir[0].bg 
   def: [10000, 10101, 10200, 10250, 10450, 10730, 10810, 11135, 11765, 12195, 12195] 
   new: [10000, 10000, 10000, 10000, 10000, 10000, 10000, 10000, 10000, 10000, 10000]
prefer_lux.prefer_lux_data[2].ir[0].rg 
   def: [10000, 10000, 9800, 9800, 9800, 9600, 9434, 9115, 8850, 8650, 8650] 
   new: [10000, 10000, 10000, 10000, 10000, 10000, 10000, 10000, 10000, 10000, 10000]
prefer_lux.prefer_lux_data[2].ir[1].bg 
   def: [10000, 10101, 10200, 10250, 10500, 10730, 10840, 11235, 11765, 12195, 12195] 
   new: [10000, 10000, 10000, 10000, 10000, 10000, 10000, 10000, 10000, 10000, 10000]
prefer_lux.prefer_lux_data[2].ir[1].rg 
   def: [10000, 10000, 9800, 9780, 9680, 9600, 9434, 9115, 8850, 8650, 8650] 
   new: [10000, 10000, 10000, 10000, 10000, 10000, 10000, 10000, 10000, 10000, 10000]
prefer_lux.prefer_lux_data[3].ir[0].bg 
   def: [10000, 10101, 10220, 10250, 10500, 10720, 10845, 11135, 11765, 12195, 12195] 
   new: [10000, 10000, 10000, 10000, 10000, 10000, 10000, 10000, 10000, 10000, 10000]
prefer_lux.prefer_lux_data[3].ir[0].rg 
   def: [10000, 10000, 9800, 9730, 9680, 9550, 9346, 9115, 8850, 8650, 8650] 
   new: [10000, 10000, 10000, 10000, 10000, 10000, 10000, 10000, 10000, 10000, 10000]
prefer_lux.prefer_lux_data[3].ir[1].bg 
   def: [10000, 10101, 10250, 10250, 10500, 10720, 10865, 11135, 11765, 12195, 12195] 
   new: [10000, 10000, 10000, 10000, 10000, 10000, 10000, 10000, 10000, 10000, 10000]
prefer_lux.prefer_lux_data[3].ir[1].rg 
   def: [10000, 10000, 9800, 9730, 9650, 9450, 9290, 9115, 8850, 8650, 8650] 
   new: [10000, 10000, 10000, 10000, 10000, 10000, 10000, 10000, 10000, 10000, 10000]
prefer_lux.prefer_lux_data[4].ir[0].bg 
   def: [10000, 10101, 10280, 10250, 10500, 10720, 10865, 11135, 11765, 12195, 12195] 
   new: [10000, 10000, 10000, 10000, 10000, 10000, 10000, 10000, 10000, 10000, 10000]
prefer_lux.prefer_lux_data[4].ir[0].rg 
   def: [10000, 9950, 9810, 9740, 9680, 9480, 9290, 9105, 8650, 8650, 8650] 
   new: [10000, 10000, 10000, 10000, 10000, 10000, 10000, 10000, 10000, 10000, 10000]
prefer_lux.prefer_lux_data[4].ir[1].bg 
   def: [10000, 10101, 10350, 10250, 10500, 10720, 10865, 11135, 11765, 12195, 12195] 
   new: [10000, 10000, 10000, 10000, 10000, 10000, 10000, 10000, 10000, 10000, 10000]
prefer_lux.prefer_lux_data[4].ir[1].rg 
   def: [10000, 10000, 9780, 9730, 9650, 9450, 9290, 9105, 8650, 8650, 8650] 
   new: [10000, 10000, 10000, 10000, 10000, 10000, 10000, 10000, 10000, 10000, 10000]
prefer_lux.prefer_lux_data[5].ir[0].bg 
   def: [10000, 10101, 10350, 10250, 10500, 10750, 10845, 11135, 11765, 12195, 12195] 
   new: [10000, 10000, 10000, 10000, 10000, 10000, 10000, 10000, 10000, 10000, 10000]
prefer_lux.prefer_lux_data[5].ir[0].rg 
   def: [10000, 9950, 9750, 9730, 9680, 9480, 9300, 9000, 8650, 8650, 8650] 
   new: [10000, 10000, 10000, 10000, 10000, 10000, 10000, 10000, 10000, 10000, 10000]
prefer_lux.prefer_lux_data[5].ir[1].bg 
   def: [10000, 10101, 10350, 10250, 10500, 10750, 10845, 11135, 11765, 12195, 12195] 
   new: [10000, 10000, 10000, 10000, 10000, 10000, 10000, 10000, 10000, 10000, 10000]
prefer_lux.prefer_lux_data[5].ir[1].rg 
   def: [10000, 10000, 9750, 9710, 9650, 9450, 9280, 9000, 8650, 8650, 8650] 
   new: [10000, 10000, 10000, 10000, 10000, 10000, 10000, 10000, 10000, 10000, 10000]
prefer_lux.prefer_lux_data[6].ir[0].bg 
   def: [10000, 10101, 10350, 10250, 10500, 10795, 11015, 11135, 11765, 12195, 12195] 
   new: [10000, 10000, 10000, 10000, 10000, 10000, 10000, 10000, 10000, 10000, 10000]
prefer_lux.prefer_lux_data[6].ir[0].rg 
   def: [10000, 10000, 9750, 9710, 9680, 9380, 9240, 8845, 8650, 8650, 8650] 
   new: [10000, 10000, 10000, 10000, 10000, 10000, 10000, 10000, 10000, 10000, 10000]
prefer_lux.prefer_lux_data[6].ir[1].bg 
   def: [10000, 10101, 10350, 10250, 10500, 10855, 11015, 11135, 11765, 12195, 12195] 
   new: [10000, 10000, 10000, 10000, 10000, 10000, 10000, 10000, 10000, 10000, 10000]
prefer_lux.prefer_lux_data[6].ir[1].rg 
   def: [10000, 10000, 9750, 9710, 9640, 9380, 9240, 8845, 8650, 8650, 8650] 
   new: [10000, 10000, 10000, 10000, 10000, 10000, 10000, 10000, 10000, 10000, 10000]
prefer_lux.prefer_lux_data[7].ir[0].bg 
   def: [10000, 10050, 10350, 10305, 10540, 10905, 11050, 11135, 11765, 12195, 12195] 
   new: [10000, 10000, 10000, 10000, 10000, 10000, 10000, 10000, 10000, 10000, 10000]
prefer_lux.prefer_lux_data[7].ir[0].rg 
   def: [10000, 10000, 9750, 9710, 9580, 9310, 9160, 8845, 8650, 8650, 8650] 
   new: [10000, 10000, 10000, 10000, 10000, 10000, 10000, 10000, 10000, 10000, 10000]
prefer_lux.prefer_lux_data[7].ir[1].bg 
   def: [10000, 10050, 10350, 10305, 10540, 10905, 11050, 11135, 11765, 12195, 12195] 
   new: [10000, 10000, 10000, 10000, 10000, 10000, 10000, 10000, 10000, 10000, 10000]
prefer_lux.prefer_lux_data[7].ir[1].rg 
   def: [10000, 10000, 9750, 9710, 9550, 9310, 9160, 8845, 8650, 8650, 8650] 
   new: [10000, 10000, 10000, 10000, 10000, 10000, 10000, 10000, 10000, 10000, 10000]
prefer_lux.prefer_lux_data[8].ir[0].bg 
   def: [10000, 10050, 10350, 10355, 10660, 10905, 11050, 11135, 11765, 12195, 12195] 
   new: [10000, 10000, 10000, 10000, 10000, 10000, 10000, 10000, 10000, 10000, 10000]
prefer_lux.prefer_lux_data[8].ir[0].rg 
   def: [10000, 10000, 9750, 9710, 9550, 9300, 9160, 8850, 8650, 8650, 8650] 
   new: [10000, 10000, 10000, 10000, 10000, 10000, 10000, 10000, 10000, 10000, 10000]
prefer_lux.prefer_lux_data[8].ir[1].bg 
   def: [10000, 10050, 10350, 10355, 10660, 10905, 11050, 11135, 11765, 12195, 12195] 
   new: [10000, 10000, 10000, 10000, 10000, 10000, 10000, 10000, 10000, 10000, 10000]
prefer_lux.prefer_lux_data[8].ir[1].rg 
   def: [10000, 10000, 9750, 9710, 9550, 9300, 9160, 8820, 8650, 8650, 8650] 
   new: [10000, 10000, 10000, 10000, 10000, 10000, 10000, 10000, 10000, 10000, 10000]
prefer_lux.prefer_lux_data[9].ir[0].bg 
   def: [10000, 10101, 10310, 10385, 10660, 10905, 11050, 11135, 11735, 12195, 12195] 
   new: [10000, 10000, 10000, 10000, 10000, 10000, 10000, 10000, 10000, 10000, 10000]
prefer_lux.prefer_lux_data[9].ir[0].rg 
   def: [10000, 10000, 9800, 9720, 9550, 9280, 9160, 8750, 8550, 8650, 8650] 
   new: [10000, 10000, 10000, 10000, 10000, 10000, 10000, 10000, 10000, 10000, 10000]
prefer_lux.prefer_lux_data[9].ir[1].bg 
   def: [10000, 10101, 10310, 10385, 10660, 10905, 11050, 11135, 11735, 12195, 12195] 
   new: [10000, 10000, 10000, 10000, 10000, 10000, 10000, 10000, 10000, 10000, 10000]
prefer_lux.prefer_lux_data[9].ir[1].rg 
   def: [10000, 10000, 9800, 9720, 9550, 9280, 9160, 8750, 8550, 8650, 8650] 
   new: [10000, 10000, 10000, 10000, 10000, 10000, 10000, 10000, 10000, 10000, 10000]
prefer_r_lux.prefer_r_lux_data[0].ir[0].bg 
   def: [10000, 10101, 10160, 10190, 10400, 10730, 10810, 11235, 11765, 12195, 12195] 
   new: [10000, 10000, 10000, 10000, 10000, 10000, 10000, 10000, 10000, 10000, 10000]
prefer_r_lux.prefer_r_lux_data[0].ir[0].rg 
   def: [10000, 10000, 9830, 9800, 9800, 9600, 9434, 9215, 8850, 8650, 8650] 
   new: [10000, 10000, 10000, 10000, 10000, 10000, 10000, 10000, 10000, 10000, 10000]
prefer_r_lux.prefer_r_lux_data[0].ir[1].bg 
   def: [10000, 10101, 10160, 10190, 10400, 10730, 10810, 11235, 11765, 12195, 12195] 
   new: [10000, 10000, 10000, 10000, 10000, 10000, 10000, 10000, 10000, 10000, 10000]
prefer_r_lux.prefer_r_lux_data[0].ir[1].rg 
   def: [10000, 10000, 9830, 9800, 9800, 9600, 9434, 9215, 8850, 8650, 8650] 
   new: [10000, 10000, 10000, 10000, 10000, 10000, 10000, 10000, 10000, 10000, 10000]
prefer_r_lux.prefer_r_lux_data[10].ir[0].bg 
   def: [10000, 10101, 10350, 10385, 10695, 10905, 11050, 11135, 11735, 12195, 12195] 
   new: [10000, 10000, 10000, 10000, 10000, 10000, 10000, 10000, 10000, 10000, 10000]
prefer_r_lux.prefer_r_lux_data[10].ir[0].rg 
   def: [10000, 10000, 9800, 9750, 9580, 9300, 9180, 8730, 8580, 8650, 8650] 
   new: [10000, 10000, 10000, 10000, 10000, 10000, 10000, 10000, 10000, 10000, 10000]
prefer_r_lux.prefer_r_lux_data[10].ir[1].bg 
   def: [10000, 10101, 10350, 10385, 10695, 10905, 11050, 11135, 11735, 12195, 12195] 
   new: [10000, 10000, 10000, 10000, 10000, 10000, 10000, 10000, 10000, 10000, 10000]
prefer_r_lux.prefer_r_lux_data[10].ir[1].rg 
   def: [10000, 10000, 9800, 9750, 9580, 9300, 9200, 8730, 8580, 8650, 8650] 
   new: [10000, 10000, 10000, 10000, 10000, 10000, 10000, 10000, 10000, 10000, 10000]
prefer_r_lux.prefer_r_lux_data[11].ir[0].bg 
   def: [10000, 10101, 10417, 10415, 10695, 10905, 11050, 11135, 11705, 12195, 12195] 
   new: [10000, 10000, 10000, 10000, 10000, 10000, 10000, 10000, 10000, 10000, 10000]
prefer_r_lux.prefer_r_lux_data[11].ir[0].rg 
   def: [10000, 10000, 9823, 9700, 9600, 9300, 9200, 8780, 8590, 8650, 8650] 
   new: [10000, 10000, 10000, 10000, 10000, 10000, 10000, 10000, 10000, 10000, 10000]
prefer_r_lux.prefer_r_lux_data[11].ir[1].bg 
   def: [10000, 10101, 10417, 10415, 10695, 10905, 11050, 11235, 11705, 12195, 12195] 
   new: [10000, 10000, 10000, 10000, 10000, 10000, 10000, 10000, 10000, 10000, 10000]
prefer_r_lux.prefer_r_lux_data[11].ir[1].rg 
   def: [10000, 10000, 9823, 9700, 9600, 9300, 9200, 8880, 8590, 8650, 8650] 
   new: [10000, 10000, 10000, 10000, 10000, 10000, 10000, 10000, 10000, 10000, 10000]
prefer_r_lux.prefer_r_lux_data[12].ir[0].bg 
   def: [10000, 10101, 10309, 10420, 10580, 10775, 11000, 11235, 11735, 12195, 12195] 
   new: [10000, 10000, 10000, 10000, 10000, 10000, 10000, 10000, 10000, 10000, 10000]
prefer_r_lux.prefer_r_lux_data[12].ir[0].rg 
   def: [10000, 10000, 9785, 9585, 9540, 9400, 9250, 8880, 8650, 8650, 8650] 
   new: [10000, 10000, 10000, 10000, 10000, 10000, 10000, 10000, 10000, 10000, 10000]
prefer_r_lux.prefer_r_lux_data[12].ir[1].bg 
   def: [10000, 10101, 10309, 10420, 10580, 10775, 11000, 11235, 11735, 12195, 12195] 
   new: [10000, 10000, 10000, 10000, 10000, 10000, 10000, 10000, 10000, 10000, 10000]
prefer_r_lux.prefer_r_lux_data[12].ir[1].rg 
   def: [10000, 10000, 9785, 9585, 9540, 9400, 9250, 8880, 8650, 8650, 8650] 
   new: [10000, 10000, 10000, 10000, 10000, 10000, 10000, 10000, 10000, 10000, 10000]
prefer_r_lux.prefer_r_lux_data[13].ir[0].bg 
   def: [10000, 10101, 10309, 10420, 10580, 10775, 11000, 11235, 11735, 12195, 12195] 
   new: [10000, 10000, 10000, 10000, 10000, 10000, 10000, 10000, 10000, 10000, 10000]
prefer_r_lux.prefer_r_lux_data[13].ir[0].rg 
   def: [10000, 10000, 9785, 9585, 9500, 9380, 9250, 8880, 8650, 8650, 8650] 
   new: [10000, 10000, 10000, 10000, 10000, 10000, 10000, 10000, 10000, 10000, 10000]
prefer_r_lux.prefer_r_lux_data[13].ir[1].bg 
   def: [10000, 10101, 10309, 10420, 10580, 10775, 11000, 11235, 11735, 12195, 12195] 
   new: [10000, 10000, 10000, 10000, 10000, 10000, 10000, 10000, 10000, 10000, 10000]
prefer_r_lux.prefer_r_lux_data[13].ir[1].rg 
   def: [10000, 10000, 9785, 9585, 9500, 9340, 9210, 8880, 8650, 8650, 8650] 
   new: [10000, 10000, 10000, 10000, 10000, 10000, 10000, 10000, 10000, 10000, 10000]
prefer_r_lux.prefer_r_lux_data[14].ir[0].bg 
   def: [10000, 10101, 10309, 10480, 10580, 10775, 10990, 11235, 11735, 12195, 12195] 
   new: [10000, 10000, 10000, 10000, 10000, 10000, 10000, 10000, 10000, 10000, 10000]
prefer_r_lux.prefer_r_lux_data[14].ir[0].rg 
   def: [10000, 10000, 9785, 9585, 9500, 9380, 9300, 8890, 8650, 8650, 8650] 
   new: [10000, 10000, 10000, 10000, 10000, 10000, 10000, 10000, 10000, 10000, 10000]
prefer_r_lux.prefer_r_lux_data[14].ir[1].bg 
   def: [10000, 10101, 10309, 10480, 10580, 10775, 10990, 11235, 11735, 12195, 12195] 
   new: [10000, 10000, 10000, 10000, 10000, 10000, 10000, 10000, 10000, 10000, 10000]
prefer_r_lux.prefer_r_lux_data[14].ir[1].rg 
   def: [10000, 10000, 9785, 9585, 9500, 9340, 9250, 8890, 8650, 8650, 8650] 
   new: [10000, 10000, 10000, 10000, 10000, 10000, 10000, 10000, 10000, 10000, 10000]
prefer_r_lux.prefer_r_lux_data[15].ir[0].bg 
   def: [10000, 10101, 10309, 10500, 10580, 10775, 10990, 11235, 11735, 12235, 12195] 
   new: [10000, 10000, 10000, 10000, 10000, 10000, 10000, 10000, 10000, 10000, 10000]
prefer_r_lux.prefer_r_lux_data[15].ir[0].rg 
   def: [10000, 10000, 9785, 9480, 9480, 9380, 9250, 8890, 8580, 8650, 8650] 
   new: [10000, 10000, 10000, 10000, 10000, 10000, 10000, 10000, 10000, 10000, 10000]
prefer_r_lux.prefer_r_lux_data[15].ir[1].bg 
   def: [10000, 10101, 10309, 10500, 10580, 10775, 10990, 11235, 11735, 12235, 12195] 
   new: [10000, 10000, 10000, 10000, 10000, 10000, 10000, 10000, 10000, 10000, 10000]
prefer_r_lux.prefer_r_lux_data[15].ir[1].rg 
   def: [10000, 10000, 9785, 9480, 9480, 9380, 9280, 8890, 8580, 8650, 8650] 
   new: [10000, 10000, 10000, 10000, 10000, 10000, 10000, 10000, 10000, 10000, 10000]
prefer_r_lux.prefer_r_lux_data[16].ir[0].bg 
   def: [10000, 10101, 10309, 10500, 10580, 10775, 10990, 11235, 11735, 12235, 12195] 
   new: [10000, 10000, 10000, 10000, 10000, 10000, 10000, 10000, 10000, 10000, 10000]
prefer_r_lux.prefer_r_lux_data[16].ir[0].rg 
   def: [10000, 10000, 9785, 9480, 9480, 9380, 9250, 8890, 8580, 8650, 8650] 
   new: [10000, 10000, 10000, 10000, 10000, 10000, 10000, 10000, 10000, 10000, 10000]
prefer_r_lux.prefer_r_lux_data[16].ir[1].bg 
   def: [10000, 10101, 10309, 10500, 10580, 10775, 10990, 11235, 11765, 12235, 12195] 
   new: [10000, 10000, 10000, 10000, 10000, 10000, 10000, 10000, 10000, 10000, 10000]
prefer_r_lux.prefer_r_lux_data[16].ir[1].rg 
   def: [10000, 10000, 9785, 9480, 9480, 9380, 9250, 8900, 8550, 8650, 8650] 
   new: [10000, 10000, 10000, 10000, 10000, 10000, 10000, 10000, 10000, 10000, 10000]
prefer_r_lux.prefer_r_lux_data[17].ir[0].bg 
   def: [10000, 10101, 10309, 10525, 10580, 10775, 10990, 11235, 11765, 12195, 12195] 
   new: [10000, 10000, 10000, 10000, 10000, 10000, 10000, 10000, 10000, 10000, 10000]
prefer_r_lux.prefer_r_lux_data[17].ir[0].rg 
   def: [10000, 10000, 9785, 9480, 9480, 9380, 9250, 8850, 8550, 8650, 8650] 
   new: [10000, 10000, 10000, 10000, 10000, 10000, 10000, 10000, 10000, 10000, 10000]
prefer_r_lux.prefer_r_lux_data[17].ir[1].bg 
   def: [10000, 10101, 10309, 10525, 10580, 10775, 10990, 11235, 11795, 12195, 12195] 
   new: [10000, 10000, 10000, 10000, 10000, 10000, 10000, 10000, 10000, 10000, 10000]
prefer_r_lux.prefer_r_lux_data[17].ir[1].rg 
   def: [10000, 10000, 9785, 9480, 9480, 9380, 9250, 8850, 8650, 8650, 8650] 
   new: [10000, 10000, 10000, 10000, 10000, 10000, 10000, 10000, 10000, 10000, 10000]
prefer_r_lux.prefer_r_lux_data[18].ir[0].bg 
   def: [10000, 10101, 10309, 10525, 10580, 10775, 10990, 11235, 11795, 12105, 12145] 
   new: [10000, 10000, 10000, 10000, 10000, 10000, 10000, 10000, 10000, 10000, 10000]
prefer_r_lux.prefer_r_lux_data[18].ir[0].rg 
   def: [10000, 10000, 9785, 9480, 9480, 9380, 9300, 8950, 8650, 8700, 8650] 
   new: [10000, 10000, 10000, 10000, 10000, 10000, 10000, 10000, 10000, 10000, 10000]
prefer_r_lux.prefer_r_lux_data[18].ir[1].bg 
   def: [10000, 10101, 10309, 10525, 10580, 10775, 10990, 11235, 11795, 12105, 12145] 
   new: [10000, 10000, 10000, 10000, 10000, 10000, 10000, 10000, 10000, 10000, 10000]
prefer_r_lux.prefer_r_lux_data[18].ir[1].rg 
   def: [10000, 10000, 9785, 9480, 9480, 9400, 9300, 8950, 8650, 8700, 8650] 
   new: [10000, 10000, 10000, 10000, 10000, 10000, 10000, 10000, 10000, 10000, 10000]
prefer_r_lux.prefer_r_lux_data[19].ir[0].bg 
   def: [10000, 10101, 10309, 10525, 10580, 10755, 10990, 11235, 11795, 12105, 12145] 
   new: [10000, 10000, 10000, 10000, 10000, 10000, 10000, 10000, 10000, 10000, 10000]
prefer_r_lux.prefer_r_lux_data[19].ir[0].rg 
   def: [10000, 10000, 9785, 9480, 9480, 9450, 9300, 8950, 8650, 8700, 8650] 
   new: [10000, 10000, 10000, 10000, 10000, 10000, 10000, 10000, 10000, 10000, 10000]
prefer_r_lux.prefer_r_lux_data[19].ir[1].bg 
   def: [10000, 10101, 10309, 10525, 10580, 10755, 10990, 11235, 11795, 12105, 12145] 
   new: [10000, 10000, 10000, 10000, 10000, 10000, 10000, 10000, 10000, 10000, 10000]
prefer_r_lux.prefer_r_lux_data[19].ir[1].rg 
   def: [10000, 10000, 9785, 9480, 9480, 9450, 9300, 8950, 8650, 8700, 8650] 
   new: [10000, 10000, 10000, 10000, 10000, 10000, 10000, 10000, 10000, 10000, 10000]
prefer_r_lux.prefer_r_lux_data[1].ir[0].bg 
   def: [10000, 10101, 10160, 10190, 10400, 10730, 10810, 11235, 11765, 12195, 12195] 
   new: [10000, 10000, 10000, 10000, 10000, 10000, 10000, 10000, 10000, 10000, 10000]
prefer_r_lux.prefer_r_lux_data[1].ir[0].rg 
   def: [10000, 10000, 9830, 9800, 9785, 9600, 9434, 9215, 8850, 8650, 8650] 
   new: [10000, 10000, 10000, 10000, 10000, 10000, 10000, 10000, 10000, 10000, 10000]
prefer_r_lux.prefer_r_lux_data[1].ir[1].bg 
   def: [10000, 10101, 10160, 10190, 10400, 10730, 10810, 11235, 11765, 12195, 12195] 
   new: [10000, 10000, 10000, 10000, 10000, 10000, 10000, 10000, 10000, 10000, 10000]
prefer_r_lux.prefer_r_lux_data[1].ir[1].rg 
   def: [10000, 10000, 9830, 9800, 9785, 9600, 9434, 9215, 8850, 8650, 8650] 
   new: [10000, 10000, 10000, 10000, 10000, 10000, 10000, 10000, 10000, 10000, 10000]
prefer_r_lux.prefer_r_lux_data[20].ir[0].bg 
   def: [10000, 10101, 10309, 10525, 10580, 10755, 10990, 11235, 11795, 12105, 12145] 
   new: [10000, 10000, 10000, 10000, 10000, 10000, 10000, 10000, 10000, 10000, 10000]
prefer_r_lux.prefer_r_lux_data[20].ir[0].rg 
   def: [10000, 10000, 9785, 9480, 9480, 9450, 9300, 8900, 8650, 8750, 8650] 
   new: [10000, 10000, 10000, 10000, 10000, 10000, 10000, 10000, 10000, 10000, 10000]
prefer_r_lux.prefer_r_lux_data[20].ir[1].bg 
   def: [10000, 10101, 10309, 10525, 10580, 10755, 10990, 11235, 11795, 12105, 12195] 
   new: [10000, 10000, 10000, 10000, 10000, 10000, 10000, 10000, 10000, 10000, 10000]
prefer_r_lux.prefer_r_lux_data[20].ir[1].rg 
   def: [10000, 10000, 9785, 9480, 9480, 9450, 9300, 8900, 8650, 8750, 8650] 
   new: [10000, 10000, 10000, 10000, 10000, 10000, 10000, 10000, 10000, 10000, 10000]
prefer_r_lux.prefer_r_lux_data[21].ir[0].bg 
   def: [10000, 10101, 10309, 10525, 10580, 10755, 10990, 11235, 11795, 12105, 12195] 
   new: [10000, 10000, 10000, 10000, 10000, 10000, 10000, 10000, 10000, 10000, 10000]
prefer_r_lux.prefer_r_lux_data[21].ir[0].rg 
   def: [10000, 10000, 9785, 9480, 9480, 9450, 9300, 8900, 8650, 8750, 8650] 
   new: [10000, 10000, 10000, 10000, 10000, 10000, 10000, 10000, 10000, 10000, 10000]
prefer_r_lux.prefer_r_lux_data[21].ir[1].bg 
   def: [10000, 10101, 10309, 10525, 10580, 10755, 10990, 11235, 11795, 12105, 12195] 
   new: [10000, 10000, 10000, 10000, 10000, 10000, 10000, 10000, 10000, 10000, 10000]
prefer_r_lux.prefer_r_lux_data[21].ir[1].rg 
   def: [10000, 10000, 9785, 9480, 9480, 9450, 9300, 8900, 8650, 8750, 8650] 
   new: [10000, 10000, 10000, 10000, 10000, 10000, 10000, 10000, 10000, 10000, 10000]
prefer_r_lux.prefer_r_lux_data[22].ir[0].bg 
   def: [10000, 10101, 10309, 10525, 10580, 10755, 10990, 11235, 11795, 12195, 12195] 
   new: [10000, 10000, 10000, 10000, 10000, 10000, 10000, 10000, 10000, 10000, 10000]
prefer_r_lux.prefer_r_lux_data[22].ir[0].rg 
   def: [10000, 10000, 9785, 9480, 9480, 9450, 9300, 8900, 8650, 8650, 8650] 
   new: [10000, 10000, 10000, 10000, 10000, 10000, 10000, 10000, 10000, 10000, 10000]
prefer_r_lux.prefer_r_lux_data[22].ir[1].bg 
   def: [10000, 10101, 10309, 10525, 10580, 10755, 10990, 11235, 11795, 12195, 12195] 
   new: [10000, 10000, 10000, 10000, 10000, 10000, 10000, 10000, 10000, 10000, 10000]
prefer_r_lux.prefer_r_lux_data[22].ir[1].rg 
   def: [10000, 10000, 9785, 9480, 9480, 9450, 9300, 8900, 8650, 8650, 8650] 
   new: [10000, 10000, 10000, 10000, 10000, 10000, 10000, 10000, 10000, 10000, 10000]
prefer_r_lux.prefer_r_lux_data[23].ir[0].bg 
   def: [10000, 10101, 10309, 10525, 10580, 10755, 10990, 11235, 11795, 12195, 12195] 
   new: [10000, 10000, 10000, 10000, 10000, 10000, 10000, 10000, 10000, 10000, 10000]
prefer_r_lux.prefer_r_lux_data[23].ir[0].rg 
   def: [10000, 10000, 9785, 9480, 9480, 9450, 9300, 8900, 8650, 8650, 8650] 
   new: [10000, 10000, 10000, 10000, 10000, 10000, 10000, 10000, 10000, 10000, 10000]
prefer_r_lux.prefer_r_lux_data[23].ir[1].bg 
   def: [10000, 10101, 10309, 10525, 10580, 10755, 10990, 11235, 11795, 12195, 12195] 
   new: [10000, 10000, 10000, 10000, 10000, 10000, 10000, 10000, 10000, 10000, 10000]
prefer_r_lux.prefer_r_lux_data[23].ir[1].rg 
   def: [10000, 10000, 9785, 9480, 9480, 9450, 9300, 8900, 8650, 8650, 8650] 
   new: [10000, 10000, 10000, 10000, 10000, 10000, 10000, 10000, 10000, 10000, 10000]
prefer_r_lux.prefer_r_lux_data[2].ir[0].bg 
   def: [10000, 10101, 10200, 10250, 10460, 10730, 10810, 11135, 11765, 12195, 12195] 
   new: [10000, 10000, 10000, 10000, 10000, 10000, 10000, 10000, 10000, 10000, 10000]
prefer_r_lux.prefer_r_lux_data[2].ir[0].rg 
   def: [10000, 10000, 9800, 9800, 9805, 9600, 9434, 9115, 8850, 8650, 8650] 
   new: [10000, 10000, 10000, 10000, 10000, 10000, 10000, 10000, 10000, 10000, 10000]
prefer_r_lux.prefer_r_lux_data[2].ir[1].bg 
   def: [10000, 10101, 10200, 10250, 10500, 10730, 10840, 11135, 11765, 12195, 12195] 
   new: [10000, 10000, 10000, 10000, 10000, 10000, 10000, 10000, 10000, 10000, 10000]
prefer_r_lux.prefer_r_lux_data[2].ir[1].rg 
   def: [10000, 10000, 9800, 9780, 9680, 9600, 9434, 9115, 8850, 8650, 8650] 
   new: [10000, 10000, 10000, 10000, 10000, 10000, 10000, 10000, 10000, 10000, 10000]
prefer_r_lux.prefer_r_lux_data[3].ir[0].bg 
   def: [10000, 10101, 10220, 10250, 10500, 10720, 10845, 11135, 11765, 12195, 12195] 
   new: [10000, 10000, 10000, 10000, 10000, 10000, 10000, 10000, 10000, 10000, 10000]
prefer_r_lux.prefer_r_lux_data[3].ir[0].rg 
   def: [10000, 10000, 9800, 9730, 9680, 9550, 9346, 9115, 8850, 8650, 8650] 
   new: [10000, 10000, 10000, 10000, 10000, 10000, 10000, 10000, 10000, 10000, 10000]
prefer_r_lux.prefer_r_lux_data[3].ir[1].bg 
   def: [10000, 10101, 10250, 10250, 10500, 10720, 10865, 11135, 11765, 12195, 12195] 
   new: [10000, 10000, 10000, 10000, 10000, 10000, 10000, 10000, 10000, 10000, 10000]
prefer_r_lux.prefer_r_lux_data[3].ir[1].rg 
   def: [10000, 10000, 9800, 9730, 9650, 9450, 9290, 9115, 8850, 8650, 8650] 
   new: [10000, 10000, 10000, 10000, 10000, 10000, 10000, 10000, 10000, 10000, 10000]
prefer_r_lux.prefer_r_lux_data[4].ir[0].bg 
   def: [10000, 10101, 10280, 10250, 10500, 10720, 10865, 11135, 11765, 12195, 12195] 
   new: [10000, 10000, 10000, 10000, 10000, 10000, 10000, 10000, 10000, 10000, 10000]
prefer_r_lux.prefer_r_lux_data[4].ir[0].rg 
   def: [10000, 9950, 9810, 9740, 9680, 9480, 9290, 9105, 8650, 8650, 8650] 
   new: [10000, 10000, 10000, 10000, 10000, 10000, 10000, 10000, 10000, 10000, 10000]
prefer_r_lux.prefer_r_lux_data[4].ir[1].bg 
   def: [10000, 10101, 10350, 10250, 10500, 10720, 10865, 11135, 11765, 12195, 12195] 
   new: [10000, 10000, 10000, 10000, 10000, 10000, 10000, 10000, 10000, 10000, 10000]
prefer_r_lux.prefer_r_lux_data[4].ir[1].rg 
   def: [10000, 10000, 9780, 9730, 9650, 9450, 9290, 9105, 8650, 8650, 8650] 
   new: [10000, 10000, 10000, 10000, 10000, 10000, 10000, 10000, 10000, 10000, 10000]
prefer_r_lux.prefer_r_lux_data[5].ir[0].bg 
   def: [10000, 10101, 10350, 10250, 10500, 10750, 10845, 11135, 11765, 12195, 12195] 
   new: [10000, 10000, 10000, 10000, 10000, 10000, 10000, 10000, 10000, 10000, 10000]
prefer_r_lux.prefer_r_lux_data[5].ir[0].rg 
   def: [10000, 9900, 9750, 9730, 9680, 9480, 9300, 9000, 8650, 8650, 8650] 
   new: [10000, 10000, 10000, 10000, 10000, 10000, 10000, 10000, 10000, 10000, 10000]
prefer_r_lux.prefer_r_lux_data[5].ir[1].bg 
   def: [10000, 10101, 10350, 10250, 10500, 10750, 10845, 11135, 11765, 12195, 12195] 
   new: [10000, 10000, 10000, 10000, 10000, 10000, 10000, 10000, 10000, 10000, 10000]
prefer_r_lux.prefer_r_lux_data[5].ir[1].rg 
   def: [10000, 10000, 9750, 9710, 9650, 9450, 9280, 9000, 8650, 8650, 8650] 
   new: [10000, 10000, 10000, 10000, 10000, 10000, 10000, 10000, 10000, 10000, 10000]
prefer_r_lux.prefer_r_lux_data[6].ir[0].bg 
   def: [10000, 10101, 10350, 10250, 10500, 10775, 11015, 11135, 11765, 12195, 12195] 
   new: [10000, 10000, 10000, 10000, 10000, 10000, 10000, 10000, 10000, 10000, 10000]
prefer_r_lux.prefer_r_lux_data[6].ir[0].rg 
   def: [10000, 9900, 9750, 9710, 9680, 9380, 9240, 8845, 8650, 8650, 8650] 
   new: [10000, 10000, 10000, 10000, 10000, 10000, 10000, 10000, 10000, 10000, 10000]
prefer_r_lux.prefer_r_lux_data[6].ir[1].bg 
   def: [10000, 10101, 10350, 10250, 10500, 10775, 11015, 11135, 11765, 12195, 12195] 
   new: [10000, 10000, 10000, 10000, 10000, 10000, 10000, 10000, 10000, 10000, 10000]
prefer_r_lux.prefer_r_lux_data[6].ir[1].rg 
   def: [10000, 10000, 9750, 9710, 9640, 9380, 9240, 8845, 8650, 8650, 8650] 
   new: [10000, 10000, 10000, 10000, 10000, 10000, 10000, 10000, 10000, 10000, 10000]
prefer_r_lux.prefer_r_lux_data[7].ir[0].bg 
   def: [10000, 10050, 10350, 10305, 10550, 10905, 11050, 11135, 11765, 12195, 12195] 
   new: [10000, 10000, 10000, 10000, 10000, 10000, 10000, 10000, 10000, 10000, 10000]
prefer_r_lux.prefer_r_lux_data[7].ir[0].rg 
   def: [10000, 10000, 9750, 9710, 9580, 9310, 9160, 8845, 8650, 8650, 8650] 
   new: [10000, 10000, 10000, 10000, 10000, 10000, 10000, 10000, 10000, 10000, 10000]
prefer_r_lux.prefer_r_lux_data[7].ir[1].bg 
   def: [10000, 10050, 10350, 10305, 10550, 10905, 11050, 11135, 11765, 12195, 12195] 
   new: [10000, 10000, 10000, 10000, 10000, 10000, 10000, 10000, 10000, 10000, 10000]
prefer_r_lux.prefer_r_lux_data[7].ir[1].rg 
   def: [10000, 10000, 9750, 9710, 9550, 9310, 9160, 8845, 8650, 8650, 8650] 
   new: [10000, 10000, 10000, 10000, 10000, 10000, 10000, 10000, 10000, 10000, 10000]
prefer_r_lux.prefer_r_lux_data[8].ir[0].bg 
   def: [10000, 10050, 10350, 10355, 10660, 10905, 11050, 11135, 11765, 12195, 12195] 
   new: [10000, 10000, 10000, 10000, 10000, 10000, 10000, 10000, 10000, 10000, 10000]
prefer_r_lux.prefer_r_lux_data[8].ir[0].rg 
   def: [10000, 10000, 9750, 9710, 9550, 9300, 9160, 8850, 8650, 8650, 8650] 
   new: [10000, 10000, 10000, 10000, 10000, 10000, 10000, 10000, 10000, 10000, 10000]
prefer_r_lux.prefer_r_lux_data[8].ir[1].bg 
   def: [10000, 10050, 10350, 10355, 10660, 10905, 11050, 11135, 11765, 12195, 12195] 
   new: [10000, 10000, 10000, 10000, 10000, 10000, 10000, 10000, 10000, 10000, 10000]
prefer_r_lux.prefer_r_lux_data[8].ir[1].rg 
   def: [10000, 10000, 9750, 9710, 9550, 9300, 9160, 8820, 8650, 8650, 8650] 
   new: [10000, 10000, 10000, 10000, 10000, 10000, 10000, 10000, 10000, 10000, 10000]
prefer_r_lux.prefer_r_lux_data[9].ir[0].bg 
   def: [10000, 10101, 10310, 10385, 10660, 10905, 11050, 11135, 11735, 12195, 12195] 
   new: [10000, 10000, 10000, 10000, 10000, 10000, 10000, 10000, 10000, 10000, 10000]
prefer_r_lux.prefer_r_lux_data[9].ir[0].rg 
   def: [10000, 10000, 9800, 9720, 9550, 9280, 9160, 8750, 8550, 8650, 8650] 
   new: [10000, 10000, 10000, 10000, 10000, 10000, 10000, 10000, 10000, 10000, 10000]
prefer_r_lux.prefer_r_lux_data[9].ir[1].bg 
   def: [10000, 10101, 10310, 10385, 10660, 10905, 11050, 11135, 11735, 12195, 12195] 
   new: [10000, 10000, 10000, 10000, 10000, 10000, 10000, 10000, 10000, 10000, 10000]
prefer_r_lux.prefer_r_lux_data[9].ir[1].rg 
   def: [10000, 10000, 9800, 9720, 9550, 9280, 9160, 8750, 8550, 8650, 8650] 
   new: [10000, 10000, 10000, 10000, 10000, 10000, 10000, 10000, 10000, 10000, 10000]
######## AWBStatsMap [(-1, -1, -1, -1, -1, -1, -1), (1, -1, 7, -1, -1, -1, -1)]
=== Legend key (1, -1, 7, -1, -1, -1, -1)
custom_d_map.custom_valid_zone.custom_valid_zone_data[1].circle_center_rg_bg 
   def: [346, 620] 
   new: [598, 544]
custom_d_map.custom_valid_zone.custom_valid_zone_data[1].circle_radius.arr_2d[0].arr 
   def: [20, 30, 40] 
   new: [10, 20, 30]
custom_d_map.custom_valid_zone.custom_valid_zone_data[1].circle_weight.arr_2d[0].arr 
   def: [400, 300, 200] 
   new: [300, 200, 100]
custom_d_map.custom_valid_zone.custom_valid_zone_data[1].lux_index 
   def: [340, 400, 450, 480] 
   new: [210, 280, 300, 320]
custom_d_map.custom_valid_zone.custom_valid_zone_data[2].circle_center_rg_bg 
   def: [330, 543] 
   new: None
custom_d_map.custom_valid_zone.custom_valid_zone_data[2].circle_radius.arr_2d[0].arr 
   def: [10, 20, 30] 
   new: None
custom_d_map.custom_valid_zone.custom_valid_zone_data[2].circle_radius.arr_2d[1].arr 
   def: [20, 30, 40] 
   new: None
custom_d_map.custom_valid_zone.custom_valid_zone_data[2].circle_radius.arr_2d[2].arr 
   def: [30, 40, 50] 
   new: None
custom_d_map.custom_valid_zone.custom_valid_zone_data[2].circle_radius.arr_2d[3].arr 
   def: [40, 50, 60] 
   new: None
custom_d_map.custom_valid_zone.custom_valid_zone_data[2].circle_radius.rule.col 
   def: custom_d_map.custom_valid_zone.custom_valid_zone_data.0.circle_radius_num.value 
   new: None
custom_d_map.custom_valid_zone.custom_valid_zone_data[2].circle_radius.rule.description 
   def: [Int32Arr2D] The radius length increases in turn 
   new: None
custom_d_map.custom_valid_zone.custom_valid_zone_data[2].circle_radius.rule.high 
   def: 100 
   new: None
custom_d_map.custom_valid_zone.custom_valid_zone_data[2].circle_radius.rule.recommend 
   def: None 
   new: None
custom_d_map.custom_valid_zone.custom_valid_zone_data[2].circle_radius.rule.row 
   def: custom_d_map.custom_valid_zone.custom_valid_zone_data.0.lux_index.rule.len 
   new: None
custom_d_map.custom_valid_zone.custom_valid_zone_data[2].circle_radius_num.rule.description 
   def: [Int32] 
   new: None
custom_d_map.custom_valid_zone.custom_valid_zone_data[2].circle_radius_num.rule.high 
   def: 3 
   new: None
custom_d_map.custom_valid_zone.custom_valid_zone_data[2].circle_radius_num.rule.recommend 
   def: None 
   new: None
custom_d_map.custom_valid_zone.custom_valid_zone_data[2].circle_radius_num.value 
   def: 3 
   new: None
custom_d_map.custom_valid_zone.custom_valid_zone_data[2].circle_weight.arr_2d[0].arr 
   def: [300, 200, 100] 
   new: None
custom_d_map.custom_valid_zone.custom_valid_zone_data[2].circle_weight.arr_2d[1].arr 
   def: [300, 200, 100] 
   new: None
custom_d_map.custom_valid_zone.custom_valid_zone_data[2].circle_weight.arr_2d[2].arr 
   def: [300, 200, 100] 
   new: None
custom_d_map.custom_valid_zone.custom_valid_zone_data[2].circle_weight.arr_2d[3].arr 
   def: [300, 200, 100] 
   new: None
custom_d_map.custom_valid_zone.custom_valid_zone_data[2].circle_weight.rule.col 
   def: custom_d_map.custom_valid_zone.custom_valid_zone_data.0.circle_radius_num.value 
   new: None
custom_d_map.custom_valid_zone.custom_valid_zone_data[2].circle_weight.rule.description 
   def: [Int32Arr2D] The data in each row is decreasing 
   new: None
custom_d_map.custom_valid_zone.custom_valid_zone_data[2].circle_weight.rule.high 
   def: 1024 
   new: None
custom_d_map.custom_valid_zone.custom_valid_zone_data[2].circle_weight.rule.recommend 
   def: None 
   new: None
custom_d_map.custom_valid_zone.custom_valid_zone_data[2].circle_weight.rule.row 
   def: custom_d_map.custom_valid_zone.custom_valid_zone_data.0.lux_index.rule.len 
   new: None
custom_d_map.custom_valid_zone.custom_valid_zone_data[2].custom_valid_zone_name 
   def: for indoor non-std light 
   new: None
custom_d_map.custom_valid_zone.custom_valid_zone_data[2].lux_index 
   def: [370, 400, 450, 500] 
   new: None
custom_d_map.custom_valid_zone.custom_valid_zone_data[3].circle_center_rg_bg 
   def: [400, 1015] 
   new: None
custom_d_map.custom_valid_zone.custom_valid_zone_data[3].circle_radius.arr_2d[0].arr 
   def: [10, 20, 30] 
   new: None
custom_d_map.custom_valid_zone.custom_valid_zone_data[3].circle_radius.arr_2d[1].arr 
   def: [20, 30, 40] 
   new: None
custom_d_map.custom_valid_zone.custom_valid_zone_data[3].circle_radius.arr_2d[2].arr 
   def: [30, 40, 50] 
   new: None
custom_d_map.custom_valid_zone.custom_valid_zone_data[3].circle_radius.arr_2d[3].arr 
   def: [40, 50, 60] 
   new: None
custom_d_map.custom_valid_zone.custom_valid_zone_data[3].circle_radius.rule.col 
   def: custom_d_map.custom_valid_zone.custom_valid_zone_data.0.circle_radius_num.value 
   new: None
custom_d_map.custom_valid_zone.custom_valid_zone_data[3].circle_radius.rule.description 
   def: [Int32Arr2D] The radius length increases in turn 
   new: None
custom_d_map.custom_valid_zone.custom_valid_zone_data[3].circle_radius.rule.high 
   def: 100 
   new: None
custom_d_map.custom_valid_zone.custom_valid_zone_data[3].circle_radius.rule.recommend 
   def: None 
   new: None
custom_d_map.custom_valid_zone.custom_valid_zone_data[3].circle_radius.rule.row 
   def: custom_d_map.custom_valid_zone.custom_valid_zone_data.0.lux_index.rule.len 
   new: None
custom_d_map.custom_valid_zone.custom_valid_zone_data[3].circle_radius_num.rule.description 
   def: [Int32] 
   new: None
custom_d_map.custom_valid_zone.custom_valid_zone_data[3].circle_radius_num.rule.high 
   def: 3 
   new: None
custom_d_map.custom_valid_zone.custom_valid_zone_data[3].circle_radius_num.rule.recommend 
   def: None 
   new: None
custom_d_map.custom_valid_zone.custom_valid_zone_data[3].circle_radius_num.value 
   def: 3 
   new: None
custom_d_map.custom_valid_zone.custom_valid_zone_data[3].circle_weight.arr_2d[0].arr 
   def: [0, 0, 0] 
   new: None
custom_d_map.custom_valid_zone.custom_valid_zone_data[3].circle_weight.arr_2d[1].arr 
   def: [400, 300, 200] 
   new: None
custom_d_map.custom_valid_zone.custom_valid_zone_data[3].circle_weight.arr_2d[2].arr 
   def: [500, 400, 300] 
   new: None
custom_d_map.custom_valid_zone.custom_valid_zone_data[3].circle_weight.arr_2d[3].arr 
   def: [600, 500, 400] 
   new: None
custom_d_map.custom_valid_zone.custom_valid_zone_data[3].circle_weight.rule.col 
   def: custom_d_map.custom_valid_zone.custom_valid_zone_data.0.circle_radius_num.value 
   new: None
custom_d_map.custom_valid_zone.custom_valid_zone_data[3].circle_weight.rule.description 
   def: [Int32Arr2D] The data in each row is decreasing 
   new: None
custom_d_map.custom_valid_zone.custom_valid_zone_data[3].circle_weight.rule.high 
   def: 1024 
   new: None
custom_d_map.custom_valid_zone.custom_valid_zone_data[3].circle_weight.rule.recommend 
   def: None 
   new: None
custom_d_map.custom_valid_zone.custom_valid_zone_data[3].circle_weight.rule.row 
   def: custom_d_map.custom_valid_zone.custom_valid_zone_data.0.lux_index.rule.len 
   new: None
custom_d_map.custom_valid_zone.custom_valid_zone_data[3].custom_valid_zone_name 
   def: for indoor LED light 
   new: None
custom_d_map.custom_valid_zone.custom_valid_zone_data[3].lux_index 
   def: [380, 400, 450, 500] 
   new: None
d_map_dark.arr_2d[27].arr 
   def: [0, 0, 0, 0, 0, 0, 0, 0, 0, 0, 0, 0, 0, 0, 0, 0, 0, 0, 0, 0, 0, 0, 0, 0, 0, 0, 133, 687, 1024, 1024, 1024, 1024, 1024, 1024, 1024, 1024, 1024, 1024, 1024, 1024, 1024, 1024, 1024, 1024, 1024, 1024, 1024, 1024, 1024, 1024, 1024, 1024, 1024, 1024, 1024, 867, 576, 290, 0, 0, 0, 0, 0, 0, 0, 0, 0, 0, 0, 0, 0, 0, 0, 0, 0, 0, 0, 0, 0, 0, 0, 0, 0, 0, 0, 0, 0, 0, 0, 0] 
   new: [0, 0, 0, 0, 0, 0, 0, 0, 0, 0, 0, 0, 0, 0, 0, 0, 0, 0, 0, 0, 0, 0, 0, 0, 0, 0, 0, 687, 1024, 1024, 1024, 1024, 1024, 1024, 1024, 1024, 1024, 1024, 1024, 1024, 1024, 1024, 1024, 1024, 1024, 1024, 1024, 1024, 1024, 1024, 1024, 1024, 1024, 1024, 1024, 867, 576, 290, 0, 0, 0, 0, 0, 0, 0, 0, 0, 0, 0, 0, 0, 0, 0, 0, 0, 0, 0, 0, 0, 0, 0, 0, 0, 0, 0, 0, 0, 0, 0, 0]
d_map_dark.arr_2d[28].arr 
   def: [0, 0, 0, 0, 0, 0, 0, 0, 0, 0, 0, 0, 0, 0, 0, 0, 0, 0, 0, 0, 0, 0, 0, 0, 0, 143, 657, 1024, 1024, 1024, 1024, 1024, 1024, 1024, 1024, 1024, 1024, 1024, 1024, 1024, 1024, 1024, 1024, 1024, 1024, 1024, 1024, 1024, 1024, 1024, 1024, 1024, 1024, 884, 602, 319, 33, 0, 0, 0, 0, 0, 0, 0, 0, 0, 0, 0, 0, 0, 0, 0, 0, 0, 0, 0, 0, 0, 0, 0, 0, 0, 0, 0, 0, 0, 0, 0, 0, 0] 
   new: [0, 0, 0, 0, 0, 0, 0, 0, 0, 0, 0, 0, 0, 0, 0, 0, 0, 0, 0, 0, 0, 0, 0, 0, 0, 0, 521, 1024, 1024, 1024, 1024, 1024, 1024, 1024, 1024, 1024, 1024, 1024, 1024, 1024, 1024, 1024, 1024, 1024, 1024, 1024, 1024, 1024, 1024, 1024, 1024, 1024, 1024, 884, 602, 319, 33, 0, 0, 0, 0, 0, 0, 0, 0, 0, 0, 0, 0, 0, 0, 0, 0, 0, 0, 0, 0, 0, 0, 0, 0, 0, 0, 0, 0, 0, 0, 0, 0, 0]
d_map_dark.arr_2d[29].arr 
   def: [0, 0, 0, 0, 0, 0, 0, 0, 0, 0, 0, 0, 0, 0, 0, 0, 0, 0, 0, 0, 0, 0, 0, 0, 151, 601, 1024, 1024, 1024, 1024, 1024, 1024, 1024, 1024, 1024, 1024, 1024, 1024, 1024, 1024, 1024, 1024, 1024, 1024, 1024, 1024, 1024, 1024, 1024, 1024, 1024, 862, 578, 316, 63, 0, 0, 0, 0, 0, 0, 0, 0, 0, 0, 0, 0, 0, 0, 0, 0, 0, 0, 0, 0, 0, 0, 0, 0, 0, 0, 0, 0, 0, 0, 0, 0, 0, 0, 0] 
   new: [0, 0, 0, 0, 0, 0, 0, 0, 0, 0, 0, 0, 0, 0, 0, 0, 0, 0, 0, 0, 0, 0, 0, 0, 0, 268, 970, 1024, 1024, 1024, 1024, 1024, 1024, 1024, 1024, 1024, 1024, 1024, 1024, 1024, 1024, 1024, 1024, 1024, 1024, 1024, 1024, 1024, 1024, 1024, 1024, 862, 578, 316, 63, 0, 0, 0, 0, 0, 0, 0, 0, 0, 0, 0, 0, 0, 0, 0, 0, 0, 0, 0, 0, 0, 0, 0, 0, 0, 0, 0, 0, 0, 0, 0, 0, 0, 0, 0]
d_map_dark.arr_2d[30].arr 
   def: [0, 0, 0, 0, 0, 0, 0, 0, 0, 0, 0, 0, 0, 0, 0, 0, 0, 0, 0, 0, 0, 0, 0, 157, 551, 1024, 1024, 1024, 1024, 1024, 1024, 1024, 1024, 1024, 1024, 1024, 1024, 1024, 1024, 1024, 1024, 1024, 1024, 1024, 1024, 1024, 1024, 1024, 1024, 840, 553, 291, 35, 0, 0, 0, 0, 0, 0, 0, 0, 0, 0, 0, 0, 0, 0, 0, 0, 0, 0, 0, 0, 0, 0, 0, 0, 0, 0, 0, 0, 0, 0, 0, 0, 0, 0, 0, 0, 0] 
   new: [0, 0, 0, 0, 0, 0, 0, 0, 0, 0, 0, 0, 0, 0, 0, 0, 0, 0, 0, 0, 0, 0, 0, 0, 33, 742, 1024, 1024, 1024, 1024, 1024, 1024, 1024, 1024, 1024, 1024, 1024, 1024, 1024, 1024, 1024, 1024, 1024, 1024, 1024, 1024, 1024, 1024, 1024, 840, 553, 291, 35, 0, 0, 0, 0, 0, 0, 0, 0, 0, 0, 0, 0, 0, 0, 0, 0, 0, 0, 0, 0, 0, 0, 0, 0, 0, 0, 0, 0, 0, 0, 0, 0, 0, 0, 0, 0, 0]
d_map_dark.arr_2d[31].arr 
   def: [0, 0, 0, 0, 0, 0, 0, 0, 0, 0, 0, 0, 0, 0, 0, 0, 0, 0, 0, 0, 0, 0, 161, 507, 969, 1024, 1024, 1024, 1024, 1024, 1024, 1024, 1024, 1024, 1024, 1024, 1024, 1024, 1024, 1024, 1024, 1024, 1024, 1024, 1024, 1024, 1024, 817, 529, 266, 6, 0, 0, 0, 0, 0, 0, 0, 0, 0, 0, 0, 0, 0, 0, 0, 0, 0, 0, 0, 0, 0, 0, 0, 0, 0, 0, 0, 0, 0, 0, 0, 0, 0, 0, 0, 0, 0, 0, 0] 
   new: [0, 0, 0, 0, 0, 0, 0, 0, 0, 0, 0, 0, 0, 0, 0, 0, 0, 0, 0, 0, 0, 0, 0, 0, 539, 1024, 1024, 1024, 1024, 1024, 1024, 1024, 1024, 1024, 1024, 1024, 1024, 1024, 1024, 1024, 1024, 1024, 1024, 1024, 1024, 1024, 1024, 817, 529, 266, 6, 0, 0, 0, 0, 0, 0, 0, 0, 0, 0, 0, 0, 0, 0, 0, 0, 0, 0, 0, 0, 0, 0, 0, 0, 0, 0, 0, 0, 0, 0, 0, 0, 0, 0, 0, 0, 0, 0, 0]
d_map_dark.arr_2d[32].arr 
   def: [0, 0, 0, 0, 0, 0, 0, 0, 0, 0, 0, 0, 0, 0, 0, 0, 0, 0, 0, 0, 0, 0, 465, 903, 1024, 1024, 1024, 1024, 1024, 1024, 1024, 1024, 1024, 1024, 1024, 1024, 1024, 1024, 1024, 1024, 1024, 1024, 1024, 1024, 1024, 794, 505, 239, 0, 0, 0, 0, 0, 0, 0, 0, 0, 0, 0, 0, 0, 0, 0, 0, 0, 0, 0, 0, 0, 0, 0, 0, 0, 0, 0, 0, 0, 0, 0, 0, 0, 0, 0, 0, 0, 0, 0, 0, 0, 0] 
   new: [0, 0, 0, 0, 0, 0, 0, 0, 0, 0, 0, 0, 0, 0, 0, 0, 0, 0, 0, 0, 0, 0, 0, 314, 925, 1024, 1024, 1024, 1024, 1024, 1024, 1024, 1024, 1024, 1024, 1024, 1024, 1024, 1024, 1024, 1024, 1024, 1024, 1024, 1024, 794, 505, 239, 0, 0, 0, 0, 0, 0, 0, 0, 0, 0, 0, 0, 0, 0, 0, 0, 0, 0, 0, 0, 0, 0, 0, 0, 0, 0, 0, 0, 0, 0, 0, 0, 0, 0, 0, 0, 0, 0, 0, 0, 0, 0]
d_map_dark.arr_2d[33].arr 
   def: [0, 0, 0, 0, 0, 0, 0, 0, 0, 0, 0, 0, 0, 0, 0, 0, 0, 0, 0, 0, 0, 135, 777, 1024, 1024, 1024, 1024, 1024, 1024, 1024, 1024, 1024, 1024, 1024, 1024, 1024, 1024, 1024, 1024, 1024, 1024, 1024, 1024, 808, 481, 213, 0, 0, 0, 0, 0, 0, 0, 0, 0, 0, 0, 0, 0, 0, 0, 0, 0, 0, 0, 0, 0, 0, 0, 0, 0, 0, 0, 0, 0, 0, 0, 0, 0, 0, 0, 0, 0, 0, 0, 0, 0, 0, 0, 0] 
   new: [0, 0, 0, 0, 0, 0, 0, 0, 0, 0, 0, 0, 0, 0, 0, 0, 0, 0, 0, 0, 0, 0, 0, 709, 1024, 1024, 1024, 1024, 1024, 1024, 1024, 1024, 1024, 1024, 1024, 1024, 1024, 1024, 1024, 1024, 1024, 1024, 1024, 808, 481, 213, 0, 0, 0, 0, 0, 0, 0, 0, 0, 0, 0, 0, 0, 0, 0, 0, 0, 0, 0, 0, 0, 0, 0, 0, 0, 0, 0, 0, 0, 0, 0, 0, 0, 0, 0, 0, 0, 0, 0, 0, 0, 0, 0, 0]
d_map_dark.arr_2d[34].arr 
   def: [0, 0, 0, 0, 0, 0, 0, 0, 0, 0, 0, 0, 0, 0, 0, 0, 0, 0, 0, 0, 0, 381, 1024, 1024, 1024, 1024, 1024, 1024, 1024, 1024, 1024, 1024, 1024, 1024, 1024, 1024, 1024, 1024, 1024, 1024, 1024, 910, 558, 223, 0, 0, 0, 0, 0, 0, 0, 0, 0, 0, 0, 0, 0, 0, 0, 0, 0, 0, 0, 0, 0, 0, 0, 0, 0, 0, 0, 0, 0, 0, 0, 0, 0, 0, 0, 0, 0, 0, 0, 0, 0, 0, 0, 0, 0, 0] 
   new: [0, 0, 0, 0, 0, 0, 0, 0, 0, 0, 0, 0, 0, 0, 0, 0, 0, 0, 0, 0, 0, 0, 362, 1024, 1024, 1024, 1024, 1024, 1024, 1024, 1024, 1024, 1024, 1024, 1024, 1024, 1024, 1024, 1024, 1024, 1024, 910, 558, 223, 0, 0, 0, 0, 0, 0, 0, 0, 0, 0, 0, 0, 0, 0, 0, 0, 0, 0, 0, 0, 0, 0, 0, 0, 0, 0, 0, 0, 0, 0, 0, 0, 0, 0, 0, 0, 0, 0, 0, 0, 0, 0, 0, 0, 0, 0]
d_map_dark.arr_2d[35].arr 
   def: [0, 0, 0, 0, 0, 0, 0, 0, 0, 0, 0, 0, 0, 0, 0, 0, 0, 0, 0, 0, 0, 655, 1024, 1024, 1024, 1024, 1024, 1024, 1024, 1024, 1024, 1024, 1024, 1024, 1024, 1024, 1024, 1024, 1024, 925, 640, 311, 0, 0, 0, 0, 0, 0, 0, 0, 0, 0, 0, 0, 0, 0, 0, 0, 0, 0, 0, 0, 0, 0, 0, 0, 0, 0, 0, 0, 0, 0, 0, 0, 0, 0, 0, 0, 0, 0, 0, 0, 0, 0, 0, 0, 0, 0, 0, 0] 
   new: [0, 0, 0, 0, 0, 0, 0, 0, 0, 0, 0, 0, 0, 0, 0, 0, 0, 0, 0, 0, 0, 0, 728, 1024, 1024, 1024, 1024, 1024, 1024, 1024, 1024, 1024, 1024, 1024, 1024, 1024, 1024, 1024, 1024, 925, 640, 311, 0, 0, 0, 0, 0, 0, 0, 0, 0, 0, 0, 0, 0, 0, 0, 0, 0, 0, 0, 0, 0, 0, 0, 0, 0, 0, 0, 0, 0, 0, 0, 0, 0, 0, 0, 0, 0, 0, 0, 0, 0, 0, 0, 0, 0, 0, 0, 0]
d_map_dark.arr_2d[36].arr 
   def: [0, 0, 0, 0, 0, 0, 0, 0, 0, 0, 0, 0, 0, 0, 0, 0, 0, 0, 0, 0, 240, 961, 1024, 1024, 1024, 1024, 1024, 1024, 1024, 1024, 1024, 1024, 1024, 1024, 1024, 1024, 1024, 899, 612, 332, 39, 0, 0, 0, 0, 0, 0, 0, 0, 0, 0, 0, 0, 0, 0, 0, 0, 0, 0, 0, 0, 0, 0, 0, 0, 0, 0, 0, 0, 0, 0, 0, 0, 0, 0, 0, 0, 0, 0, 0, 0, 0, 0, 0, 0, 0, 0, 0, 0, 0] 
   new: [0, 0, 0, 0, 0, 0, 0, 0, 0, 0, 0, 0, 0, 0, 0, 0, 0, 0, 0, 0, 0, 374, 1024, 1024, 1024, 1024, 1024, 1024, 1024, 1024, 1024, 1024, 1024, 1024, 1024, 1024, 1024, 899, 612, 332, 39, 0, 0, 0, 0, 0, 0, 0, 0, 0, 0, 0, 0, 0, 0, 0, 0, 0, 0, 0, 0, 0, 0, 0, 0, 0, 0, 0, 0, 0, 0, 0, 0, 0, 0, 0, 0, 0, 0, 0, 0, 0, 0, 0, 0, 0, 0, 0, 0, 0]
d_map_dark.arr_2d[37].arr 
   def: [0, 0, 0, 0, 0, 0, 0, 0, 0, 0, 0, 0, 0, 0, 0, 0, 0, 0, 0, 0, 515, 1024, 1024, 1024, 1024, 1024, 1024, 1024, 1024, 1024, 1024, 1024, 1024, 1024, 1024, 919, 623, 329, 49, 0, 0, 0, 0, 0, 0, 0, 0, 0, 0, 0, 0, 0, 0, 0, 0, 0, 0, 0, 0, 0, 0, 0, 0, 0, 0, 0, 0, 0, 0, 0, 0, 0, 0, 0, 0, 0, 0, 0, 0, 0, 0, 0, 0, 0, 0, 0, 0, 0, 0, 0] 
   new: [0, 0, 0, 0, 0, 0, 0, 0, 0, 0, 0, 0, 0, 0, 0, 0, 0, 0, 0, 0, 0, 750, 1024, 1024, 1024, 1024, 1024, 1024, 1024, 1024, 1024, 1024, 1024, 1024, 1024, 919, 623, 329, 49, 0, 0, 0, 0, 0, 0, 0, 0, 0, 0, 0, 0, 0, 0, 0, 0, 0, 0, 0, 0, 0, 0, 0, 0, 0, 0, 0, 0, 0, 0, 0, 0, 0, 0, 0, 0, 0, 0, 0, 0, 0, 0, 0, 0, 0, 0, 0, 0, 0, 0, 0]
d_map_dark.arr_2d[38].arr 
   def: [0, 0, 0, 0, 0, 0, 0, 0, 0, 0, 0, 0, 0, 0, 0, 0, 0, 0, 0, 77, 840, 1024, 1024, 1024, 1024, 1024, 1024, 1024, 1024, 1024, 1024, 1024, 1024, 948, 653, 352, 54, 0, 0, 0, 0, 0, 0, 0, 0, 0, 0, 0, 0, 0, 0, 0, 0, 0, 0, 0, 0, 0, 0, 0, 0, 0, 0, 0, 0, 0, 0, 0, 0, 0, 0, 0, 0, 0, 0, 0, 0, 0, 0, 0, 0, 0, 0, 0, 0, 0, 0, 0, 0, 0] 
   new: [0, 0, 0, 0, 0, 0, 0, 0, 0, 0, 0, 0, 0, 0, 0, 0, 0, 0, 0, 0, 386, 1024, 1024, 1024, 1024, 1024, 1024, 1024, 1024, 1024, 1024, 1024, 1024, 948, 653, 352, 54, 0, 0, 0, 0, 0, 0, 0, 0, 0, 0, 0, 0, 0, 0, 0, 0, 0, 0, 0, 0, 0, 0, 0, 0, 0, 0, 0, 0, 0, 0, 0, 0, 0, 0, 0, 0, 0, 0, 0, 0, 0, 0, 0, 0, 0, 0, 0, 0, 0, 0, 0, 0, 0]
d_map_dark.arr_2d[39].arr 
   def: [0, 0, 0, 0, 0, 0, 0, 0, 0, 0, 0, 0, 0, 0, 0, 0, 0, 0, 0, 368, 1024, 1024, 1024, 1024, 1024, 1024, 1024, 1024, 1024, 1024, 1024, 1024, 1024, 493, 58, 0, 0, 0, 0, 0, 0, 0, 0, 0, 0, 0, 0, 0, 0, 0, 0, 0, 0, 0, 0, 0, 0, 0, 0, 0, 0, 0, 0, 0, 0, 0, 0, 0, 0, 0, 0, 0, 0, 0, 0, 0, 0, 0, 0, 0, 0, 0, 0, 0, 0, 0, 0, 0, 0, 0] 
   new: [0, 0, 0, 0, 0, 0, 0, 0, 0, 0, 0, 0, 0, 0, 0, 0, 0, 0, 0, 0, 774, 1024, 1024, 1024, 1024, 1024, 1024, 1024, 1024, 1024, 1024, 1024, 1024, 493, 58, 0, 0, 0, 0, 0, 0, 0, 0, 0, 0, 0, 0, 0, 0, 0, 0, 0, 0, 0, 0, 0, 0, 0, 0, 0, 0, 0, 0, 0, 0, 0, 0, 0, 0, 0, 0, 0, 0, 0, 0, 0, 0, 0, 0, 0, 0, 0, 0, 0, 0, 0, 0, 0, 0, 0]
d_map_dark.arr_2d[40].arr 
   def: [0, 0, 0, 0, 0, 0, 0, 0, 0, 0, 0, 0, 0, 0, 0, 0, 0, 0, 0, 698, 1024, 1024, 1024, 1024, 1024, 1024, 1024, 1024, 1024, 1024, 1024, 1024, 701, 11, 0, 0, 0, 0, 0, 0, 0, 0, 0, 0, 0, 0, 0, 0, 0, 0, 0, 0, 0, 0, 0, 0, 0, 0, 0, 0, 0, 0, 0, 0, 0, 0, 0, 0, 0, 0, 0, 0, 0, 0, 0, 0, 0, 0, 0, 0, 0, 0, 0, 0, 0, 0, 0, 0, 0, 0] 
   new: [0, 0, 0, 0, 0, 0, 0, 0, 0, 0, 0, 0, 0, 0, 0, 0, 0, 0, 0, 397, 1024, 1024, 1024, 1024, 1024, 1024, 1024, 1024, 1024, 1024, 1024, 1024, 701, 11, 0, 0, 0, 0, 0, 0, 0, 0, 0, 0, 0, 0, 0, 0, 0, 0, 0, 0, 0, 0, 0, 0, 0, 0, 0, 0, 0, 0, 0, 0, 0, 0, 0, 0, 0, 0, 0, 0, 0, 0, 0, 0, 0, 0, 0, 0, 0, 0, 0, 0, 0, 0, 0, 0, 0, 0]
d_map_dark.arr_2d[41].arr 
   def: [0, 0, 0, 0, 0, 0, 0, 0, 0, 0, 0, 0, 0, 0, 0, 0, 0, 0, 197, 1024, 1024, 1024, 1024, 1024, 1024, 1024, 1024, 1024, 1024, 1024, 1024, 919, 236, 0, 0, 0, 0, 0, 0, 0, 0, 0, 0, 0, 0, 0, 0, 0, 0, 0, 0, 0, 0, 0, 0, 0, 0, 0, 0, 0, 0, 0, 0, 0, 0, 0, 0, 0, 0, 0, 0, 0, 0, 0, 0, 0, 0, 0, 0, 0, 0, 0, 0, 0, 0, 0, 0, 0, 0, 0] 
   new: [0, 0, 0, 0, 0, 0, 0, 0, 0, 0, 0, 0, 0, 0, 0, 0, 0, 0, 9, 802, 1024, 1024, 1024, 1024, 1024, 1024, 1024, 1024, 1024, 1024, 1024, 919, 236, 0, 0, 0, 0, 0, 0, 0, 0, 0, 0, 0, 0, 0, 0, 0, 0, 0, 0, 0, 0, 0, 0, 0, 0, 0, 0, 0, 0, 0, 0, 0, 0, 0, 0, 0, 0, 0, 0, 0, 0, 0, 0, 0, 0, 0, 0, 0, 0, 0, 0, 0, 0, 0, 0, 0, 0, 0]
d_map_dark.arr_2d[42].arr 
   def: [0, 0, 0, 0, 0, 0, 0, 0, 0, 0, 0, 0, 0, 0, 0, 0, 0, 0, 531, 1024, 1024, 1024, 1024, 1024, 1024, 1024, 1024, 1024, 1024, 1024, 1024, 453, 0, 0, 0, 0, 0, 0, 0, 0, 0, 0, 0, 0, 0, 0, 0, 0, 0, 0, 0, 0, 0, 0, 0, 0, 0, 0, 0, 0, 0, 0, 0, 0, 0, 0, 0, 0, 0, 0, 0, 0, 0, 0, 0, 0, 0, 0, 0, 0, 0, 0, 0, 0, 0, 0, 0, 0, 0, 0] 
   new: [0, 0, 0, 0, 0, 0, 0, 0, 0, 0, 0, 0, 0, 0, 0, 0, 0, 0, 408, 1024, 1024, 1024, 1024, 1024, 1024, 1024, 1024, 1024, 1024, 1024, 1024, 453, 0, 0, 0, 0, 0, 0, 0, 0, 0, 0, 0, 0, 0, 0, 0, 0, 0, 0, 0, 0, 0, 0, 0, 0, 0, 0, 0, 0, 0, 0, 0, 0, 0, 0, 0, 0, 0, 0, 0, 0, 0, 0, 0, 0, 0, 0, 0, 0, 0, 0, 0, 0, 0, 0, 0, 0, 0, 0]
d_map_dark.arr_2d[43].arr 
   def: [0, 0, 0, 0, 0, 0, 0, 0, 0, 0, 0, 0, 0, 0, 0, 0, 0, 12, 930, 1024, 1024, 1024, 1024, 1024, 1024, 1024, 1024, 1024, 1024, 1024, 673, 0, 0, 0, 0, 0, 0, 0, 0, 0, 0, 0, 0, 0, 0, 0, 0, 0, 0, 0, 0, 0, 0, 0, 0, 0, 0, 0, 0, 0, 0, 0, 0, 0, 0, 0, 0, 0, 0, 0, 0, 0, 0, 0, 0, 0, 0, 0, 0, 0, 0, 0, 0, 0, 0, 0, 0, 0, 0, 0] 
   new: [0, 0, 0, 0, 0, 0, 0, 0, 0, 0, 0, 0, 0, 0, 0, 0, 0, 12, 833, 1024, 1024, 1024, 1024, 1024, 1024, 1024, 1024, 1024, 1024, 1024, 673, 0, 0, 0, 0, 0, 0, 0, 0, 0, 0, 0, 0, 0, 0, 0, 0, 0, 0, 0, 0, 0, 0, 0, 0, 0, 0, 0, 0, 0, 0, 0, 0, 0, 0, 0, 0, 0, 0, 0, 0, 0, 0, 0, 0, 0, 0, 0, 0, 0, 0, 0, 0, 0, 0, 0, 0, 0, 0, 0]
d_map_indoor.arr_2d[10].arr 
   def: [0, 0, 0, 0, 0, 0, 0, 0, 0, 0, 0, 0, 0, 0, 0, 0, 0, 0, 0, 0, 0, 0, 0, 0, 0, 0, 0, 0, 0, 0, 0, 0, 0, 0, 0, 0, 0, 0, 0, 0, 0, 0, 0, 0, 0, 0, 0, 0, 0, 0, 0, 0, 0, 0, 0, 0, 0, 0, 0, 0, 0, 0, 0, 0, 0, 0, 0, 0, 151, 398, 640, 872, 1024, 1024, 1024, 963, 0, 0, 0, 0, 0, 0, 0, 0, 0, 0, 0, 0, 0, 0] 
   new: [0, 0, 0, 0, 0, 0, 0, 0, 0, 0, 0, 0, 0, 0, 0, 0, 0, 0, 0, 0, 0, 0, 0, 0, 0, 0, 0, 0, 0, 0, 0, 0, 0, 0, 0, 0, 0, 0, 0, 0, 0, 0, 0, 0, 0, 0, 0, 0, 0, 0, 0, 0, 0, 0, 0, 0, 0, 0, 0, 0, 0, 0, 0, 0, 0, 0, 45, 244, 443, 637, 825, 1009, 1024, 1024, 1024, 963, 0, 0, 0, 0, 0, 0, 0, 0, 0, 0, 0, 0, 0, 0]
d_map_indoor.arr_2d[11].arr 
   def: [0, 0, 0, 0, 0, 0, 0, 0, 0, 0, 0, 0, 0, 0, 0, 0, 0, 0, 0, 0, 0, 0, 0, 0, 0, 0, 0, 0, 0, 0, 0, 0, 0, 0, 0, 0, 0, 0, 0, 0, 0, 0, 0, 0, 0, 0, 0, 0, 0, 0, 0, 0, 0, 0, 0, 0, 0, 0, 0, 0, 0, 0, 0, 0, 0, 102, 350, 599, 842, 1024, 1024, 1024, 1024, 1024, 1024, 997, 0, 0, 0, 0, 0, 0, 0, 0, 0, 0, 0, 0, 0, 0] 
   new: [0, 0, 0, 0, 0, 0, 0, 0, 0, 0, 0, 0, 0, 0, 0, 0, 0, 0, 0, 0, 0, 0, 0, 0, 0, 0, 0, 0, 0, 0, 0, 0, 0, 0, 0, 0, 0, 0, 0, 0, 0, 0, 0, 0, 0, 0, 0, 0, 0, 0, 0, 0, 0, 0, 0, 0, 0, 0, 0, 0, 0, 0, 0, 115, 314, 513, 708, 900, 1024, 1024, 1024, 1024, 1024, 1024, 1024, 997, 0, 0, 0, 0, 0, 0, 0, 0, 0, 0, 0, 0, 0, 0]
d_map_indoor.arr_2d[12].arr 
   def: [0, 0, 0, 0, 0, 0, 0, 0, 0, 0, 0, 0, 0, 0, 0, 0, 0, 0, 0, 0, 0, 0, 0, 0, 0, 0, 0, 0, 0, 0, 0, 0, 0, 0, 0, 0, 0, 0, 0, 0, 0, 0, 0, 0, 0, 0, 0, 0, 0, 0, 0, 0, 0, 0, 0, 0, 0, 0, 0, 0, 0, 0, 53, 302, 553, 809, 1024, 1024, 1024, 1024, 1024, 1024, 1024, 1024, 1024, 1024, 0, 0, 0, 0, 0, 0, 0, 0, 0, 0, 0, 0, 0, 0] 
   new: [0, 0, 0, 0, 0, 0, 0, 0, 0, 0, 0, 0, 0, 0, 0, 0, 0, 0, 0, 0, 0, 0, 0, 0, 0, 0, 0, 0, 0, 0, 0, 0, 0, 0, 0, 0, 0, 0, 0, 0, 0, 0, 0, 0, 0, 0, 0, 0, 0, 0, 0, 0, 0, 0, 0, 0, 0, 0, 0, 0, 126, 365, 584, 784, 981, 1024, 1024, 1024, 1024, 1024, 1024, 1024, 1024, 1024, 1024, 1024, 0, 0, 0, 0, 0, 0, 0, 0, 0, 0, 0, 0, 0, 0]
d_map_indoor.arr_2d[13].arr 
   def: [0, 0, 0, 0, 0, 0, 0, 0, 0, 0, 0, 0, 0, 0, 0, 0, 0, 0, 0, 0, 0, 0, 0, 0, 0, 0, 0, 0, 0, 0, 0, 0, 0, 0, 0, 0, 0, 0, 0, 0, 0, 0, 0, 0, 0, 0, 0, 0, 0, 0, 0, 0, 0, 0, 0, 0, 0, 0, 0, 70, 311, 532, 773, 1024, 1024, 1024, 1024, 1024, 1024, 1024, 1024, 1024, 1024, 1024, 1024, 1024, 0, 0, 0, 0, 0, 0, 0, 0, 0, 0, 0, 0, 0, 0] 
   new: [0, 0, 0, 0, 0, 0, 0, 0, 0, 0, 0, 0, 0, 0, 0, 0, 0, 0, 0, 0, 0, 0, 0, 0, 0, 0, 0, 0, 0, 0, 0, 0, 0, 0, 0, 0, 0, 0, 0, 0, 0, 0, 0, 0, 0, 0, 0, 0, 0, 0, 0, 0, 0, 0, 0, 0, 0, 74, 302, 538, 790, 1024, 1024, 1024, 1024, 1024, 1024, 1024, 1024, 1024, 1024, 1024, 1024, 1024, 1024, 1024, 0, 0, 0, 0, 0, 0, 0, 0, 0, 0, 0, 0, 0, 0]
d_map_indoor.arr_2d[14].arr 
   def: [0, 0, 0, 0, 0, 0, 0, 0, 0, 0, 0, 0, 0, 0, 0, 0, 0, 0, 0, 0, 0, 0, 0, 0, 0, 0, 0, 0, 0, 0, 0, 0, 0, 0, 0, 0, 0, 0, 0, 0, 0, 0, 0, 0, 0, 0, 0, 0, 0, 0, 0, 0, 0, 0, 0, 0, 176, 406, 631, 846, 1024, 1024, 1024, 1024, 1024, 1024, 1024, 1024, 1024, 1024, 1024, 1024, 1024, 1024, 1024, 1024, 0, 0, 0, 0, 0, 0, 0, 0, 0, 0, 0, 0, 0, 0] 
   new: [0, 0, 0, 0, 0, 0, 0, 0, 0, 0, 0, 0, 0, 0, 0, 0, 0, 0, 0, 0, 0, 0, 0, 0, 0, 0, 0, 0, 0, 0, 0, 0, 0, 0, 0, 0, 0, 0, 0, 0, 0, 0, 0, 0, 0, 0, 0, 0, 0, 0, 0, 0, 0, 0, 28, 259, 482, 717, 968, 1024, 1024, 1024, 1024, 1024, 1024, 1024, 1024, 1024, 1024, 1024, 1024, 1024, 1024, 1024, 1024, 1024, 0, 0, 0, 0, 0, 0, 0, 0, 0, 0, 0, 0, 0, 0]
d_map_indoor.arr_2d[15].arr 
   def: [0, 0, 0, 0, 0, 0, 0, 0, 0, 0, 0, 0, 0, 0, 0, 0, 0, 0, 0, 0, 0, 0, 0, 0, 0, 0, 0, 0, 0, 0, 0, 0, 0, 0, 0, 0, 0, 0, 0, 0, 0, 0, 0, 0, 0, 0, 0, 0, 0, 0, 0, 0, 119, 324, 532, 718, 918, 1024, 1024, 1024, 1024, 1024, 1024, 1024, 1024, 1024, 1024, 1024, 1024, 1024, 1024, 1024, 1024, 1024, 1024, 1024, 0, 0, 0, 0, 0, 0, 0, 0, 0, 0, 0, 0, 0, 0] 
   new: [0, 0, 0, 0, 0, 0, 0, 0, 0, 0, 0, 0, 0, 0, 0, 0, 0, 0, 0, 0, 0, 0, 0, 0, 0, 0, 0, 0, 0, 0, 0, 0, 0, 0, 0, 0, 0, 0, 0, 0, 0, 0, 0, 0, 0, 0, 0, 0, 0, 0, 0, 0, 193, 440, 652, 866, 1024, 1024, 1024, 1024, 1024, 1024, 1024, 1024, 1024, 1024, 1024, 1024, 1024, 1024, 1024, 1024, 1024, 1024, 1024, 1024, 0, 0, 0, 0, 0, 0, 0, 0, 0, 0, 0, 0, 0, 0]
d_map_indoor.arr_2d[16].arr 
   def: [0, 0, 0, 0, 0, 0, 0, 0, 0, 0, 0, 0, 0, 0, 0, 0, 0, 0, 0, 0, 0, 0, 0, 0, 0, 0, 0, 0, 0, 0, 0, 0, 0, 0, 0, 0, 0, 0, 0, 0, 0, 0, 0, 0, 0, 0, 0, 0, 0, 133, 379, 613, 781, 961, 1024, 1024, 1024, 1024, 1024, 1024, 1024, 1024, 1024, 1024, 1024, 1024, 1024, 1024, 1024, 1024, 1024, 1024, 1024, 1024, 1024, 1024, 0, 0, 0, 0, 0, 0, 0, 0, 0, 0, 0, 0, 0, 0] 
   new: [0, 0, 0, 0, 0, 0, 0, 0, 0, 0, 0, 0, 0, 0, 0, 0, 0, 0, 0, 0, 0, 0, 0, 0, 0, 0, 0, 0, 0, 0, 0, 0, 0, 0, 0, 0, 0, 0, 0, 0, 0, 0, 0, 0, 0, 0, 0, 0, 0, 133, 379, 613, 810, 1010, 1024, 1024, 1024, 1024, 1024, 1024, 1024, 1024, 1024, 1024, 1024, 1024, 1024, 1024, 1024, 1024, 1024, 1024, 1024, 1024, 1024, 1024, 0, 0, 0, 0, 0, 0, 0, 0, 0, 0, 0, 0, 0, 0]
d_map_indoor.arr_2d[18].arr 
   def: [0, 0, 0, 0, 0, 0, 0, 0, 0, 0, 0, 0, 0, 0, 0, 0, 0, 0, 0, 0, 0, 0, 0, 0, 0, 0, 0, 0, 0, 0, 0, 0, 0, 0, 0, 0, 0, 0, 0, 0, 0, 0, 0, 36, 249, 454, 654, 853, 1024, 1024, 1024, 1024, 1024, 1024, 1024, 1024, 1024, 1024, 1024, 1024, 1024, 1024, 1024, 1024, 1024, 1024, 1024, 1024, 1024, 1024, 1024, 1024, 1024, 1024, 1024, 840, 0, 0, 0, 0, 0, 0, 0, 0, 0, 0, 0, 0, 0, 0] 
   new: [0, 0, 0, 0, 0, 0, 0, 0, 0, 0, 0, 0, 0, 0, 0, 0, 0, 0, 0, 0, 0, 0, 0, 0, 0, 0, 0, 0, 0, 0, 0, 0, 0, 0, 0, 0, 0, 0, 0, 0, 0, 0, 0, 0, 247, 454, 654, 853, 1024, 1024, 1024, 1024, 1024, 1024, 1024, 1024, 1024, 1024, 1024, 1024, 1024, 1024, 1024, 1024, 1024, 1024, 1024, 1024, 1024, 1024, 1024, 1024, 1024, 1024, 1024, 840, 0, 0, 0, 0, 0, 0, 0, 0, 0, 0, 0, 0, 0, 0]
d_map_indoor.arr_2d[19].arr 
   def: [0, 0, 0, 0, 0, 0, 0, 0, 0, 0, 0, 0, 0, 0, 0, 0, 0, 0, 0, 0, 0, 0, 0, 0, 0, 0, 0, 0, 0, 0, 0, 0, 0, 0, 0, 0, 0, 0, 0, 0, 0, 125, 312, 525, 762, 965, 1024, 1024, 1024, 1024, 1024, 1024, 1024, 1024, 1024, 1024, 1024, 1024, 1024, 1024, 1024, 1024, 1024, 1024, 1024, 1024, 1024, 1024, 1024, 1024, 1024, 1024, 1017, 774, 532, 266, 0, 0, 0, 0, 0, 0, 0, 0, 0, 0, 0, 0, 0, 0] 
   new: [0, 0, 0, 0, 0, 0, 0, 0, 0, 0, 0, 0, 0, 0, 0, 0, 0, 0, 0, 0, 0, 0, 0, 0, 0, 0, 0, 0, 0, 0, 0, 0, 0, 0, 0, 0, 0, 0, 0, 0, 0, 21, 274, 525, 762, 965, 1024, 1024, 1024, 1024, 1024, 1024, 1024, 1024, 1024, 1024, 1024, 1024, 1024, 1024, 1024, 1024, 1024, 1024, 1024, 1024, 1024, 1024, 1024, 1024, 1024, 1024, 1017, 774, 532, 266, 0, 0, 0, 0, 0, 0, 0, 0, 0, 0, 0, 0, 0, 0]
d_map_indoor.arr_2d[20].arr 
   def: [0, 0, 0, 0, 0, 0, 0, 0, 0, 0, 0, 0, 0, 0, 0, 0, 0, 0, 0, 0, 0, 0, 0, 0, 0, 0, 0, 0, 0, 0, 0, 0, 0, 0, 0, 0, 0, 0, 20, 192, 357, 547, 774, 1009, 1024, 1024, 1024, 1024, 1024, 1024, 1024, 1024, 1024, 1024, 1024, 1024, 1024, 1024, 1024, 1024, 1024, 1024, 1024, 1024, 1024, 1024, 1024, 1024, 1024, 1024, 918, 676, 419, 140, 0, 0, 0, 0, 0, 0, 0, 0, 0, 0, 0, 0, 0, 0, 0, 0] 
   new: [0, 0, 0, 0, 0, 0, 0, 0, 0, 0, 0, 0, 0, 0, 0, 0, 0, 0, 0, 0, 0, 0, 0, 0, 0, 0, 0, 0, 0, 0, 0, 0, 0, 0, 0, 0, 0, 0, 0, 47, 299, 547, 774, 1009, 1024, 1024, 1024, 1024, 1024, 1024, 1024, 1024, 1024, 1024, 1024, 1024, 1024, 1024, 1024, 1024, 1024, 1024, 1024, 1024, 1024, 1024, 1024, 1024, 1024, 1024, 918, 676, 419, 140, 0, 0, 0, 0, 0, 0, 0, 0, 0, 0, 0, 0, 0, 0, 0, 0]
d_map_indoor.arr_2d[21].arr 
   def: [0, 0, 0, 0, 0, 0, 0, 0, 0, 0, 0, 0, 0, 0, 0, 0, 0, 0, 0, 0, 0, 0, 0, 0, 0, 0, 0, 0, 0, 0, 0, 0, 0, 0, 0, 0, 42, 213, 385, 567, 784, 1010, 1024, 1024, 1024, 1024, 1024, 1024, 1024, 1024, 1024, 1024, 1024, 1024, 1024, 1024, 1024, 1024, 1024, 1024, 1024, 1024, 1024, 1024, 1024, 1024, 1024, 1024, 820, 578, 291, 0, 0, 0, 0, 0, 0, 0, 0, 0, 0, 0, 0, 0, 0, 0, 0, 0, 0, 0] 
   new: [0, 0, 0, 0, 0, 0, 0, 0, 0, 0, 0, 0, 0, 0, 0, 0, 0, 0, 0, 0, 0, 0, 0, 0, 0, 0, 0, 0, 0, 0, 0, 0, 0, 0, 0, 0, 0, 11, 312, 567, 784, 1010, 1024, 1024, 1024, 1024, 1024, 1024, 1024, 1024, 1024, 1024, 1024, 1024, 1024, 1024, 1024, 1024, 1024, 1024, 1024, 1024, 1024, 1024, 1024, 1024, 1024, 1024, 820, 578, 291, 0, 0, 0, 0, 0, 0, 0, 0, 0, 0, 0, 0, 0, 0, 0, 0, 0, 0, 0]
d_map_indoor.arr_2d[22].arr 
   def: [0, 0, 0, 0, 0, 0, 0, 0, 0, 0, 0, 0, 0, 0, 0, 0, 0, 0, 0, 0, 0, 0, 0, 0, 0, 0, 0, 0, 0, 0, 0, 0, 0, 0, 63, 235, 406, 602, 817, 1010, 1024, 1024, 1024, 1024, 1024, 1024, 1024, 1024, 1024, 1024, 1024, 1024, 1024, 1024, 1024, 1024, 1024, 1024, 1024, 1024, 1024, 1024, 1024, 1024, 1024, 965, 722, 467, 148, 0, 0, 0, 0, 0, 0, 0, 0, 0, 0, 0, 0, 0, 0, 0, 0, 0, 0, 0, 0, 0] 
   new: [0, 0, 0, 0, 0, 0, 0, 0, 0, 0, 0, 0, 0, 0, 0, 0, 0, 0, 0, 0, 0, 0, 0, 0, 0, 0, 0, 0, 0, 0, 0, 0, 0, 0, 0, 0, 315, 602, 817, 1010, 1024, 1024, 1024, 1024, 1024, 1024, 1024, 1024, 1024, 1024, 1024, 1024, 1024, 1024, 1024, 1024, 1024, 1024, 1024, 1024, 1024, 1024, 1024, 1024, 1024, 965, 722, 467, 148, 0, 0, 0, 0, 0, 0, 0, 0, 0, 0, 0, 0, 0, 0, 0, 0, 0, 0, 0, 0, 0]
d_map_indoor.arr_2d[23].arr 
   def: [0, 0, 0, 0, 0, 0, 0, 0, 0, 0, 0, 0, 0, 0, 0, 0, 0, 0, 0, 0, 0, 0, 0, 0, 0, 0, 0, 0, 0, 0, 0, 0, 27, 241, 428, 653, 902, 1024, 1024, 1024, 1024, 1024, 1024, 1024, 1024, 1024, 1024, 1024, 1024, 1024, 1024, 1024, 1024, 1024, 1024, 1024, 1024, 1024, 1024, 1024, 1024, 1024, 1024, 866, 623, 323, 0, 0, 0, 0, 0, 0, 0, 0, 0, 0, 0, 0, 0, 0, 0, 0, 0, 0, 0, 0, 0, 0, 0, 0] 
   new: [0, 0, 0, 0, 0, 0, 0, 0, 0, 0, 0, 0, 0, 0, 0, 0, 0, 0, 0, 0, 0, 0, 0, 0, 0, 0, 0, 0, 0, 0, 0, 0, 0, 0, 320, 653, 902, 1024, 1024, 1024, 1024, 1024, 1024, 1024, 1024, 1024, 1024, 1024, 1024, 1024, 1024, 1024, 1024, 1024, 1024, 1024, 1024, 1024, 1024, 1024, 1024, 1024, 1024, 866, 623, 323, 0, 0, 0, 0, 0, 0, 0, 0, 0, 0, 0, 0, 0, 0, 0, 0, 0, 0, 0, 0, 0, 0, 0, 0]
d_map_indoor.arr_2d[24].arr 
   def: [0, 0, 0, 0, 0, 0, 0, 0, 0, 0, 0, 0, 0, 0, 0, 0, 0, 0, 0, 0, 0, 0, 0, 0, 0, 0, 0, 0, 0, 0, 5, 226, 451, 710, 1022, 1024, 1024, 1024, 1024, 1024, 1024, 1024, 1024, 1024, 1024, 1024, 1024, 1024, 1024, 1024, 1024, 1024, 1024, 1024, 1024, 1024, 1024, 1024, 1024, 1024, 989, 762, 524, 160, 0, 0, 0, 0, 0, 0, 0, 0, 0, 0, 0, 0, 0, 0, 0, 0, 0, 0, 0, 0, 0, 0, 0, 0, 0, 0] 
   new: [0, 0, 0, 0, 0, 0, 0, 0, 0, 0, 0, 0, 0, 0, 0, 0, 0, 0, 0, 0, 0, 0, 0, 0, 0, 0, 0, 0, 0, 0, 0, 0, 149, 618, 1022, 1024, 1024, 1024, 1024, 1024, 1024, 1024, 1024, 1024, 1024, 1024, 1024, 1024, 1024, 1024, 1024, 1024, 1024, 1024, 1024, 1024, 1024, 1024, 1024, 1024, 989, 762, 524, 160, 0, 0, 0, 0, 0, 0, 0, 0, 0, 0, 0, 0, 0, 0, 0, 0, 0, 0, 0, 0, 0, 0, 0, 0, 0, 0]
d_map_indoor.arr_2d[25].arr 
   def: [0, 0, 0, 0, 0, 0, 0, 0, 0, 0, 0, 0, 0, 0, 0, 0, 0, 0, 0, 0, 0, 0, 0, 0, 0, 0, 0, 0, 249, 417, 559, 715, 976, 1024, 1024, 1024, 1024, 1024, 1024, 1024, 1024, 1024, 1024, 1024, 1024, 1024, 1024, 1024, 1024, 1024, 1024, 1024, 1024, 1024, 1024, 1024, 1024, 1024, 876, 659, 382, 1, 0, 0, 0, 0, 0, 0, 0, 0, 0, 0, 0, 0, 0, 0, 0, 0, 0, 0, 0, 0, 0, 0, 0, 0, 0, 0, 0, 0] 
   new: [0, 0, 0, 0, 0, 0, 0, 0, 0, 0, 0, 0, 0, 0, 0, 0, 0, 0, 0, 0, 0, 0, 0, 0, 0, 0, 0, 0, 0, 0, 0, 366, 793, 1024, 1024, 1024, 1024, 1024, 1024, 1024, 1024, 1024, 1024, 1024, 1024, 1024, 1024, 1024, 1024, 1024, 1024, 1024, 1024, 1024, 1024, 1024, 1024, 1024, 876, 659, 382, 1, 0, 0, 0, 0, 0, 0, 0, 0, 0, 0, 0, 0, 0, 0, 0, 0, 0, 0, 0, 0, 0, 0, 0, 0, 0, 0, 0, 0]
d_map_indoor.arr_2d[26].arr 
   def: [0, 0, 0, 0, 0, 0, 0, 0, 0, 0, 0, 0, 0, 0, 0, 0, 0, 0, 0, 0, 0, 0, 0, 0, 0, 0, 65, 496, 873, 988, 1024, 1024, 1024, 1024, 1024, 1024, 1024, 1024, 1024, 1024, 1024, 1024, 1024, 1024, 1024, 1024, 1024, 1024, 1024, 1024, 1024, 1024, 1024, 1024, 1024, 984, 772, 566, 247, 0, 0, 0, 0, 0, 0, 0, 0, 0, 0, 0, 0, 0, 0, 0, 0, 0, 0, 0, 0, 0, 0, 0, 0, 0, 0, 0, 0, 0, 0, 0] 
   new: [0, 0, 0, 0, 0, 0, 0, 0, 0, 0, 0, 0, 0, 0, 0, 0, 0, 0, 0, 0, 0, 0, 0, 0, 0, 0, 0, 0, 0, 104, 523, 951, 1024, 1024, 1024, 1024, 1024, 1024, 1024, 1024, 1024, 1024, 1024, 1024, 1024, 1024, 1024, 1024, 1024, 1024, 1024, 1024, 1024, 1024, 1024, 984, 772, 566, 247, 0, 0, 0, 0, 0, 0, 0, 0, 0, 0, 0, 0, 0, 0, 0, 0, 0, 0, 0, 0, 0, 0, 0, 0, 0, 0, 0, 0, 0, 0, 0]
d_map_indoor.arr_2d[27].arr 
   def: [0, 0, 0, 0, 0, 0, 0, 0, 0, 0, 0, 0, 0, 0, 0, 0, 0, 0, 0, 0, 0, 0, 0, 0, 0, 269, 669, 1024, 1024, 1024, 1024, 1024, 1024, 1024, 1024, 1024, 1024, 1024, 1024, 1024, 1024, 1024, 1024, 1024, 1024, 1024, 1024, 1024, 1024, 1024, 1024, 1024, 1024, 860, 623, 381, 97, 0, 0, 0, 0, 0, 0, 0, 0, 0, 0, 0, 0, 0, 0, 0, 0, 0, 0, 0, 0, 0, 0, 0, 0, 0, 0, 0, 0, 0, 0, 0, 0, 0] 
   new: [0, 0, 0, 0, 0, 0, 0, 0, 0, 0, 0, 0, 0, 0, 0, 0, 0, 0, 0, 0, 0, 0, 0, 0, 0, 0, 0, 0, 232, 657, 1024, 1024, 1024, 1024, 1024, 1024, 1024, 1024, 1024, 1024, 1024, 1024, 1024, 1024, 1024, 1024, 1024, 1024, 1024, 1024, 1024, 1024, 1024, 860, 623, 381, 97, 0, 0, 0, 0, 0, 0, 0, 0, 0, 0, 0, 0, 0, 0, 0, 0, 0, 0, 0, 0, 0, 0, 0, 0, 0, 0, 0, 0, 0, 0, 0, 0, 0]
d_map_indoor.arr_2d[28].arr 
   def: [0, 0, 0, 0, 0, 0, 0, 0, 0, 0, 0, 0, 0, 0, 0, 0, 0, 0, 0, 0, 0, 0, 0, 0, 485, 824, 1024, 1024, 1024, 1024, 1024, 1024, 1024, 1024, 1024, 1024, 1024, 1024, 1024, 1024, 1024, 1024, 1024, 1024, 1024, 1024, 1024, 1024, 1024, 1024, 998, 687, 421, 163, 0, 0, 0, 0, 0, 0, 0, 0, 0, 0, 0, 0, 0, 0, 0, 0, 0, 0, 0, 0, 0, 0, 0, 0, 0, 0, 0, 0, 0, 0, 0, 0, 0, 0, 0, 0] 
   new: [0, 0, 0, 0, 0, 0, 0, 0, 0, 0, 0, 0, 0, 0, 0, 0, 0, 0, 0, 0, 0, 0, 0, 0, 0, 0, 0, 224, 727, 1024, 1024, 1024, 1024, 1024, 1024, 1024, 1024, 1024, 1024, 1024, 1024, 1024, 1024, 1024, 1024, 1024, 1024, 1024, 1024, 1024, 1003, 687, 421, 163, 0, 0, 0, 0, 0, 0, 0, 0, 0, 0, 0, 0, 0, 0, 0, 0, 0, 0, 0, 0, 0, 0, 0, 0, 0, 0, 0, 0, 0, 0, 0, 0, 0, 0, 0, 0]
d_map_indoor.arr_2d[29].arr 
   def: [0, 0, 0, 0, 0, 0, 0, 0, 0, 0, 0, 0, 0, 0, 0, 0, 0, 0, 0, 0, 0, 0, 0, 282, 954, 1024, 1024, 1024, 1024, 1024, 1024, 1024, 1024, 1024, 1024, 1024, 1024, 1024, 1024, 1024, 1024, 1024, 1024, 1024, 1024, 1024, 1024, 1024, 800, 491, 223, 0, 0, 0, 0, 0, 0, 0, 0, 0, 0, 0, 0, 0, 0, 0, 0, 0, 0, 0, 0, 0, 0, 0, 0, 0, 0, 0, 0, 0, 0, 0, 0, 0, 0, 0, 0, 0, 0, 0] 
   new: [0, 0, 0, 0, 0, 0, 0, 0, 0, 0, 0, 0, 0, 0, 0, 0, 0, 0, 0, 0, 0, 0, 0, 0, 0, 0, 209, 684, 1024, 1024, 1024, 1024, 1024, 1024, 1024, 1024, 1024, 1024, 1024, 1024, 1024, 1024, 1024, 1024, 1024, 1024, 1024, 1024, 851, 528, 239, 0, 0, 0, 0, 0, 0, 0, 0, 0, 0, 0, 0, 0, 0, 0, 0, 0, 0, 0, 0, 0, 0, 0, 0, 0, 0, 0, 0, 0, 0, 0, 0, 0, 0, 0, 0, 0, 0, 0]
d_map_indoor.arr_2d[30].arr 
   def: [0, 0, 0, 0, 0, 0, 0, 0, 0, 0, 0, 0, 0, 0, 0, 0, 0, 0, 0, 0, 0, 0, 0, 714, 1024, 1024, 1024, 1024, 1024, 1024, 1024, 1024, 1024, 1024, 1024, 1024, 1024, 1024, 1024, 1024, 1024, 1024, 1024, 1024, 1024, 911, 617, 305, 14, 0, 0, 0, 0, 0, 0, 0, 0, 0, 0, 0, 0, 0, 0, 0, 0, 0, 0, 0, 0, 0, 0, 0, 0, 0, 0, 0, 0, 0, 0, 0, 0, 0, 0, 0, 0, 0, 0, 0, 0, 0] 
   new: [0, 0, 0, 0, 0, 0, 0, 0, 0, 0, 0, 0, 0, 0, 0, 0, 0, 0, 0, 0, 0, 0, 0, 0, 0, 196, 637, 1024, 1024, 1024, 1024, 1024, 1024, 1024, 1024, 1024, 1024, 1024, 1024, 1024, 1024, 1024, 1024, 1024, 1024, 1007, 719, 432, 168, 0, 0, 0, 0, 0, 0, 0, 0, 0, 0, 0, 0, 0, 0, 0, 0, 0, 0, 0, 0, 0, 0, 0, 0, 0, 0, 0, 0, 0, 0, 0, 0, 0, 0, 0, 0, 0, 0, 0, 0, 0]
d_map_indoor.arr_2d[31].arr 
   def: [0, 0, 0, 0, 0, 0, 0, 0, 0, 0, 0, 0, 0, 0, 0, 0, 0, 0, 0, 0, 0, 0, 414, 1024, 1024, 1024, 1024, 1024, 1024, 1024, 1024, 1024, 1024, 1024, 1024, 1024, 1024, 1024, 1024, 1024, 1024, 1024, 1024, 968, 550, 89, 0, 0, 0, 0, 0, 0, 0, 0, 0, 0, 0, 0, 0, 0, 0, 0, 0, 0, 0, 0, 0, 0, 0, 0, 0, 0, 0, 0, 0, 0, 0, 0, 0, 0, 0, 0, 0, 0, 0, 0, 0, 0, 0, 0] 
   new: [0, 0, 0, 0, 0, 0, 0, 0, 0, 0, 0, 0, 0, 0, 0, 0, 0, 0, 0, 0, 0, 0, 0, 0, 43, 587, 1024, 1024, 1024, 1024, 1024, 1024, 1024, 1024, 1024, 1024, 1024, 1024, 1024, 1024, 1024, 1024, 1024, 1024, 701, 362, 107, 0, 0, 0, 0, 0, 0, 0, 0, 0, 0, 0, 0, 0, 0, 0, 0, 0, 0, 0, 0, 0, 0, 0, 0, 0, 0, 0, 0, 0, 0, 0, 0, 0, 0, 0, 0, 0, 0, 0, 0, 0, 0, 0]
d_map_indoor.arr_2d[32].arr 
   def: [0, 0, 0, 0, 0, 0, 0, 0, 0, 0, 0, 0, 0, 0, 0, 0, 0, 0, 0, 0, 0, 88, 822, 1024, 1024, 1024, 1024, 1024, 1024, 1024, 1024, 1024, 1024, 1024, 1024, 1024, 1024, 1024, 1024, 1024, 1024, 1024, 582, 127, 0, 0, 0, 0, 0, 0, 0, 0, 0, 0, 0, 0, 0, 0, 0, 0, 0, 0, 0, 0, 0, 0, 0, 0, 0, 0, 0, 0, 0, 0, 0, 0, 0, 0, 0, 0, 0, 0, 0, 0, 0, 0, 0, 0, 0, 0] 
   new: [0, 0, 0, 0, 0, 0, 0, 0, 0, 0, 0, 0, 0, 0, 0, 0, 0, 0, 0, 0, 0, 0, 0, 0, 407, 1024, 1024, 1024, 1024, 1024, 1024, 1024, 1024, 1024, 1024, 1024, 1024, 1024, 1024, 1024, 1024, 1024, 785, 398, 88, 0, 0, 0, 0, 0, 0, 0, 0, 0, 0, 0, 0, 0, 0, 0, 0, 0, 0, 0, 0, 0, 0, 0, 0, 0, 0, 0, 0, 0, 0, 0, 0, 0, 0, 0, 0, 0, 0, 0, 0, 0, 0, 0, 0, 0]
d_map_indoor.arr_2d[33].arr 
   def: [0, 0, 0, 0, 0, 0, 0, 0, 0, 0, 0, 0, 0, 0, 0, 0, 0, 0, 0, 0, 0, 526, 1024, 1024, 1024, 1024, 1024, 1024, 1024, 1024, 1024, 1024, 1024, 1024, 1024, 1024, 1024, 1024, 1024, 1024, 621, 164, 0, 0, 0, 0, 0, 0, 0, 0, 0, 0, 0, 0, 0, 0, 0, 0, 0, 0, 0, 0, 0, 0, 0, 0, 0, 0, 0, 0, 0, 0, 0, 0, 0, 0, 0, 0, 0, 0, 0, 0, 0, 0, 0, 0, 0, 0, 0, 0] 
   new: [0, 0, 0, 0, 0, 0, 0, 0, 0, 0, 0, 0, 0, 0, 0, 0, 0, 0, 0, 0, 0, 0, 0, 194, 807, 1024, 1024, 1024, 1024, 1024, 1024, 1024, 1024, 1024, 1024, 1024, 1024, 1024, 1024, 1024, 884, 445, 92, 0, 0, 0, 0, 0, 0, 0, 0, 0, 0, 0, 0, 0, 0, 0, 0, 0, 0, 0, 0, 0, 0, 0, 0, 0, 0, 0, 0, 0, 0, 0, 0, 0, 0, 0, 0, 0, 0, 0, 0, 0, 0, 0, 0, 0, 0, 0]
d_map_indoor.arr_2d[34].arr 
   def: [0, 0, 0, 0, 0, 0, 0, 0, 0, 0, 0, 0, 0, 0, 0, 0, 0, 0, 0, 0, 126, 941, 1024, 1024, 1024, 1024, 1024, 1024, 1024, 1024, 1024, 1024, 1024, 1024, 1024, 1024, 1024, 1024, 992, 324, 0, 0, 0, 0, 0, 0, 0, 0, 0, 0, 0, 0, 0, 0, 0, 0, 0, 0, 0, 0, 0, 0, 0, 0, 0, 0, 0, 0, 0, 0, 0, 0, 0, 0, 0, 0, 0, 0, 0, 0, 0, 0, 0, 0, 0, 0, 0, 0, 0, 0] 
   new: [0, 0, 0, 0, 0, 0, 0, 0, 0, 0, 0, 0, 0, 0, 0, 0, 0, 0, 0, 0, 0, 0, 0, 576, 1024, 1024, 1024, 1024, 1024, 1024, 1024, 1024, 1024, 1024, 1024, 1024, 1024, 1024, 1024, 602, 97, 0, 0, 0, 0, 0, 0, 0, 0, 0, 0, 0, 0, 0, 0, 0, 0, 0, 0, 0, 0, 0, 0, 0, 0, 0, 0, 0, 0, 0, 0, 0, 0, 0, 0, 0, 0, 0, 0, 0, 0, 0, 0, 0, 0, 0, 0, 0, 0, 0]
d_map_indoor.arr_2d[35].arr 
   def: [0, 0, 0, 0, 0, 0, 0, 0, 0, 0, 0, 0, 0, 0, 0, 0, 0, 0, 0, 0, 477, 1024, 1024, 1024, 1024, 1024, 1024, 1024, 1024, 1024, 1024, 1024, 1024, 1024, 1024, 1024, 1024, 792, 150, 0, 0, 0, 0, 0, 0, 0, 0, 0, 0, 0, 0, 0, 0, 0, 0, 0, 0, 0, 0, 0, 0, 0, 0, 0, 0, 0, 0, 0, 0, 0, 0, 0, 0, 0, 0, 0, 0, 0, 0, 0, 0, 0, 0, 0, 0, 0, 0, 0, 0, 0] 
   new: [0, 0, 0, 0, 0, 0, 0, 0, 0, 0, 0, 0, 0, 0, 0, 0, 0, 0, 0, 0, 0, 0, 305, 898, 1024, 1024, 1024, 1024, 1024, 1024, 1024, 1024, 1024, 1024, 1024, 1024, 1024, 1024, 407, 0, 0, 0, 0, 0, 0, 0, 0, 0, 0, 0, 0, 0, 0, 0, 0, 0, 0, 0, 0, 0, 0, 0, 0, 0, 0, 0, 0, 0, 0, 0, 0, 0, 0, 0, 0, 0, 0, 0, 0, 0, 0, 0, 0, 0, 0, 0, 0, 0, 0, 0]
d_map_indoor.arr_2d[36].arr 
   def: [0, 0, 0, 0, 0, 0, 0, 0, 0, 0, 0, 0, 0, 0, 0, 0, 0, 0, 0, 11, 842, 1024, 1024, 1024, 1024, 1024, 1024, 1024, 1024, 1024, 1024, 1024, 1024, 1024, 1024, 1024, 585, 0, 0, 0, 0, 0, 0, 0, 0, 0, 0, 0, 0, 0, 0, 0, 0, 0, 0, 0, 0, 0, 0, 0, 0, 0, 0, 0, 0, 0, 0, 0, 0, 0, 0, 0, 0, 0, 0, 0, 0, 0, 0, 0, 0, 0, 0, 0, 0, 0, 0, 0, 0, 0] 
   new: [0, 0, 0, 0, 0, 0, 0, 0, 0, 0, 0, 0, 0, 0, 0, 0, 0, 0, 0, 0, 0, 0, 639, 1024, 1024, 1024, 1024, 1024, 1024, 1024, 1024, 1024, 1024, 1024, 1024, 1024, 827, 203, 0, 0, 0, 0, 0, 0, 0, 0, 0, 0, 0, 0, 0, 0, 0, 0, 0, 0, 0, 0, 0, 0, 0, 0, 0, 0, 0, 0, 0, 0, 0, 0, 0, 0, 0, 0, 0, 0, 0, 0, 0, 0, 0, 0, 0, 0, 0, 0, 0, 0, 0, 0]
d_map_indoor.arr_2d[37].arr 
   def: [0, 0, 0, 0, 0, 0, 0, 0, 0, 0, 0, 0, 0, 0, 0, 0, 0, 0, 0, 356, 1024, 1024, 1024, 1024, 1024, 1024, 1024, 1024, 1024, 1024, 1024, 1024, 1024, 1024, 1024, 392, 0, 0, 0, 0, 0, 0, 0, 0, 0, 0, 0, 0, 0, 0, 0, 0, 0, 0, 0, 0, 0, 0, 0, 0, 0, 0, 0, 0, 0, 0, 0, 0, 0, 0, 0, 0, 0, 0, 0, 0, 0, 0, 0, 0, 0, 0, 0, 0, 0, 0, 0, 0, 0, 0] 
   new: [0, 0, 0, 0, 0, 0, 0, 0, 0, 0, 0, 0, 0, 0, 0, 0, 0, 0, 0, 0, 0, 312, 932, 1024, 1024, 1024, 1024, 1024, 1024, 1024, 1024, 1024, 1024, 1024, 1024, 618, 0, 0, 0, 0, 0, 0, 0, 0, 0, 0, 0, 0, 0, 0, 0, 0, 0, 0, 0, 0, 0, 0, 0, 0, 0, 0, 0, 0, 0, 0, 0, 0, 0, 0, 0, 0, 0, 0, 0, 0, 0, 0, 0, 0, 0, 0, 0, 0, 0, 0, 0, 0, 0, 0]
d_map_indoor.arr_2d[38].arr 
   def: [0, 0, 0, 0, 0, 0, 0, 0, 0, 0, 0, 0, 0, 0, 0, 0, 0, 0, 0, 718, 1024, 1024, 1024, 1024, 1024, 1024, 1024, 1024, 1024, 1024, 1024, 1024, 1024, 931, 187, 0, 0, 0, 0, 0, 0, 0, 0, 0, 0, 0, 0, 0, 0, 0, 0, 0, 0, 0, 0, 0, 0, 0, 0, 0, 0, 0, 0, 0, 0, 0, 0, 0, 0, 0, 0, 0, 0, 0, 0, 0, 0, 0, 0, 0, 0, 0, 0, 0, 0, 0, 0, 0, 0, 0] 
   new: [0, 0, 0, 0, 0, 0, 0, 0, 0, 0, 0, 0, 0, 0, 0, 0, 0, 0, 0, 0, 0, 652, 1024, 1024, 1024, 1024, 1024, 1024, 1024, 1024, 1024, 1024, 1024, 1024, 408, 0, 0, 0, 0, 0, 0, 0, 0, 0, 0, 0, 0, 0, 0, 0, 0, 0, 0, 0, 0, 0, 0, 0, 0, 0, 0, 0, 0, 0, 0, 0, 0, 0, 0, 0, 0, 0, 0, 0, 0, 0, 0, 0, 0, 0, 0, 0, 0, 0, 0, 0, 0, 0, 0, 0]
d_map_indoor.arr_2d[39].arr 
   def: [0, 0, 0, 0, 0, 0, 0, 0, 0, 0, 0, 0, 0, 0, 0, 0, 0, 0, 238, 1024, 1024, 1024, 1024, 1024, 1024, 1024, 1024, 1024, 1024, 1024, 1024, 1024, 1024, 213, 0, 0, 0, 0, 0, 0, 0, 0, 0, 0, 0, 0, 0, 0, 0, 0, 0, 0, 0, 0, 0, 0, 0, 0, 0, 0, 0, 0, 0, 0, 0, 0, 0, 0, 0, 0, 0, 0, 0, 0, 0, 0, 0, 0, 0, 0, 0, 0, 0, 0, 0, 0, 0, 0, 0, 0] 
   new: [0, 0, 0, 0, 0, 0, 0, 0, 0, 0, 0, 0, 0, 0, 0, 0, 0, 0, 0, 0, 320, 963, 1024, 1024, 1024, 1024, 1024, 1024, 1024, 1024, 1024, 1024, 1024, 400, 0, 0, 0, 0, 0, 0, 0, 0, 0, 0, 0, 0, 0, 0, 0, 0, 0, 0, 0, 0, 0, 0, 0, 0, 0, 0, 0, 0, 0, 0, 0, 0, 0, 0, 0, 0, 0, 0, 0, 0, 0, 0, 0, 0, 0, 0, 0, 0, 0, 0, 0, 0, 0, 0, 0, 0]
d_map_indoor.arr_2d[40].arr 
   def: [0, 0, 0, 0, 0, 0, 0, 0, 0, 0, 0, 0, 0, 0, 0, 0, 0, 0, 557, 1024, 1024, 1024, 1024, 1024, 1024, 1024, 1024, 1024, 1024, 1024, 1024, 1024, 587, 0, 0, 0, 0, 0, 0, 0, 0, 0, 0, 0, 0, 0, 0, 0, 0, 0, 0, 0, 0, 0, 0, 0, 0, 0, 0, 0, 0, 0, 0, 0, 0, 0, 0, 0, 0, 0, 0, 0, 0, 0, 0, 0, 0, 0, 0, 0, 0, 0, 0, 0, 0, 0, 0, 0, 0, 0] 
   new: [0, 0, 0, 0, 0, 0, 0, 0, 0, 0, 0, 0, 0, 0, 0, 0, 0, 0, 0, 0, 667, 1024, 1024, 1024, 1024, 1024, 1024, 1024, 1024, 1024, 1024, 1024, 729, 0, 0, 0, 0, 0, 0, 0, 0, 0, 0, 0, 0, 0, 0, 0, 0, 0, 0, 0, 0, 0, 0, 0, 0, 0, 0, 0, 0, 0, 0, 0, 0, 0, 0, 0, 0, 0, 0, 0, 0, 0, 0, 0, 0, 0, 0, 0, 0, 0, 0, 0, 0, 0, 0, 0, 0, 0]
d_map_indoor.arr_2d[41].arr 
   def: [0, 0, 0, 0, 0, 0, 0, 0, 0, 0, 0, 0, 0, 0, 0, 0, 0, 46, 909, 1024, 1024, 1024, 1024, 1024, 1024, 1024, 1024, 1024, 1024, 1024, 1024, 947, 0, 0, 0, 0, 0, 0, 0, 0, 0, 0, 0, 0, 0, 0, 0, 0, 0, 0, 0, 0, 0, 0, 0, 0, 0, 0, 0, 0, 0, 0, 0, 0, 0, 0, 0, 0, 0, 0, 0, 0, 0, 0, 0, 0, 0, 0, 0, 0, 0, 0, 0, 0, 0, 0, 0, 0, 0, 0] 
   new: [0, 0, 0, 0, 0, 0, 0, 0, 0, 0, 0, 0, 0, 0, 0, 0, 0, 0, 0, 318, 998, 1024, 1024, 1024, 1024, 1024, 1024, 1024, 1024, 1024, 1024, 1024, 133, 0, 0, 0, 0, 0, 0, 0, 0, 0, 0, 0, 0, 0, 0, 0, 0, 0, 0, 0, 0, 0, 0, 0, 0, 0, 0, 0, 0, 0, 0, 0, 0, 0, 0, 0, 0, 0, 0, 0, 0, 0, 0, 0, 0, 0, 0, 0, 0, 0, 0, 0, 0, 0, 0, 0, 0, 0]
d_map_indoor.arr_2d[42].arr 
   def: [0, 0, 0, 0, 0, 0, 0, 0, 0, 0, 0, 0, 0, 0, 0, 0, 0, 347, 1024, 1024, 1024, 1024, 1024, 1024, 1024, 1024, 1024, 1024, 1024, 1024, 1024, 325, 0, 0, 0, 0, 0, 0, 0, 0, 0, 0, 0, 0, 0, 0, 0, 0, 0, 0, 0, 0, 0, 0, 0, 0, 0, 0, 0, 0, 0, 0, 0, 0, 0, 0, 0, 0, 0, 0, 0, 0, 0, 0, 0, 0, 0, 0, 0, 0, 0, 0, 0, 0, 0, 0, 0, 0, 0, 0] 
   new: [0, 0, 0, 0, 0, 0, 0, 0, 0, 0, 0, 0, 0, 0, 0, 0, 0, 0, 0, 672, 1024, 1024, 1024, 1024, 1024, 1024, 1024, 1024, 1024, 1024, 1024, 440, 0, 0, 0, 0, 0, 0, 0, 0, 0, 0, 0, 0, 0, 0, 0, 0, 0, 0, 0, 0, 0, 0, 0, 0, 0, 0, 0, 0, 0, 0, 0, 0, 0, 0, 0, 0, 0, 0, 0, 0, 0, 0, 0, 0, 0, 0, 0, 0, 0, 0, 0, 0, 0, 0, 0, 0, 0, 0]
d_map_indoor.arr_2d[43].arr 
   def: [0, 0, 0, 0, 0, 0, 0, 0, 0, 0, 0, 0, 0, 0, 0, 0, 0, 660, 1024, 1024, 1024, 1024, 1024, 1024, 1024, 1024, 1024, 1024, 1024, 1024, 655, 0, 0, 0, 0, 0, 0, 0, 0, 0, 0, 0, 0, 0, 0, 0, 0, 0, 0, 0, 0, 0, 0, 0, 0, 0, 0, 0, 0, 0, 0, 0, 0, 0, 0, 0, 0, 0, 0, 0, 0, 0, 0, 0, 0, 0, 0, 0, 0, 0, 0, 0, 0, 0, 0, 0, 0, 0, 0, 0] 
   new: [0, 0, 0, 0, 0, 0, 0, 0, 0, 0, 0, 0, 0, 0, 0, 0, 0, 0, 273, 1024, 1024, 1024, 1024, 1024, 1024, 1024, 1024, 1024, 1024, 1024, 735, 0, 0, 0, 0, 0, 0, 0, 0, 0, 0, 0, 0, 0, 0, 0, 0, 0, 0, 0, 0, 0, 0, 0, 0, 0, 0, 0, 0, 0, 0, 0, 0, 0, 0, 0, 0, 0, 0, 0, 0, 0, 0, 0, 0, 0, 0, 0, 0, 0, 0, 0, 0, 0, 0, 0, 0, 0, 0, 0]
d_map_indoor.arr_2d[44].arr 
   def: [0, 0, 0, 0, 0, 0, 0, 0, 0, 0, 0, 0, 0, 0, 0, 0, 152, 981, 1024, 1024, 1024, 1024, 1024, 1024, 1024, 1024, 1024, 1024, 1024, 963, 103, 0, 0, 0, 0, 0, 0, 0, 0, 0, 0, 0, 0, 0, 0, 0, 0, 0, 0, 0, 0, 0, 0, 0, 0, 0, 0, 0, 0, 0, 0, 0, 0, 0, 0, 0, 0, 0, 0, 0, 0, 0, 0, 0, 0, 0, 0, 0, 0, 0, 0, 0, 0, 0, 0, 0, 0, 0, 0, 0] 
   new: [0, 0, 0, 0, 0, 0, 0, 0, 0, 0, 0, 0, 0, 0, 0, 0, 0, 0, 645, 1024, 1024, 1024, 1024, 1024, 1024, 1024, 1024, 1024, 1024, 1009, 195, 0, 0, 0, 0, 0, 0, 0, 0, 0, 0, 0, 0, 0, 0, 0, 0, 0, 0, 0, 0, 0, 0, 0, 0, 0, 0, 0, 0, 0, 0, 0, 0, 0, 0, 0, 0, 0, 0, 0, 0, 0, 0, 0, 0, 0, 0, 0, 0, 0, 0, 0, 0, 0, 0, 0, 0, 0, 0, 0]
d_map_indoor.arr_2d[45].arr 
   def: [0, 0, 0, 0, 0, 0, 0, 0, 0, 0, 0, 0, 0, 0, 0, 0, 446, 1024, 1024, 1024, 1024, 1024, 1024, 1024, 1024, 1024, 1024, 1024, 1024, 413, 0, 0, 0, 0, 0, 0, 0, 0, 0, 0, 0, 0, 0, 0, 0, 0, 0, 0, 0, 0, 0, 0, 0, 0, 0, 0, 0, 0, 0, 0, 0, 0, 0, 0, 0, 0, 0, 0, 0, 0, 0, 0, 0, 0, 0, 0, 0, 0, 0, 0, 0, 0, 0, 0, 0, 0, 0, 0, 0, 0] 
   new: [0, 0, 0, 0, 0, 0, 0, 0, 0, 0, 0, 0, 0, 0, 0, 0, 0, 225, 1024, 1024, 1024, 1024, 1024, 1024, 1024, 1024, 1024, 1024, 1024, 474, 0, 0, 0, 0, 0, 0, 0, 0, 0, 0, 0, 0, 0, 0, 0, 0, 0, 0, 0, 0, 0, 0, 0, 0, 0, 0, 0, 0, 0, 0, 0, 0, 0, 0, 0, 0, 0, 0, 0, 0, 0, 0, 0, 0, 0, 0, 0, 0, 0, 0, 0, 0, 0, 0, 0, 0, 0, 0, 0, 0]
d_map_indoor.arr_2d[46].arr 
   def: [0, 0, 0, 0, 0, 0, 0, 0, 0, 0, 0, 0, 0, 0, 0, 0, 762, 1024, 1024, 1024, 1024, 1024, 1024, 1024, 1024, 1024, 1024, 1024, 705, 0, 0, 0, 0, 0, 0, 0, 0, 0, 0, 0, 0, 0, 0, 0, 0, 0, 0, 0, 0, 0, 0, 0, 0, 0, 0, 0, 0, 0, 0, 0, 0, 0, 0, 0, 0, 0, 0, 0, 0, 0, 0, 0, 0, 0, 0, 0, 0, 0, 0, 0, 0, 0, 0, 0, 0, 0, 0, 0, 0, 0] 
   new: [0, 0, 0, 0, 0, 0, 0, 0, 0, 0, 0, 0, 0, 0, 0, 0, 0, 613, 1024, 1024, 1024, 1024, 1024, 1024, 1024, 1024, 1024, 1024, 740, 0, 0, 0, 0, 0, 0, 0, 0, 0, 0, 0, 0, 0, 0, 0, 0, 0, 0, 0, 0, 0, 0, 0, 0, 0, 0, 0, 0, 0, 0, 0, 0, 0, 0, 0, 0, 0, 0, 0, 0, 0, 0, 0, 0, 0, 0, 0, 0, 0, 0, 0, 0, 0, 0, 0, 0, 0, 0, 0, 0, 0]
d_map_indoor.arr_2d[47].arr 
   def: [0, 0, 0, 0, 0, 0, 0, 0, 0, 0, 0, 0, 0, 0, 0, 243, 1024, 1024, 1024, 1024, 1024, 1024, 1024, 1024, 1024, 1024, 1024, 975, 208, 0, 0, 0, 0, 0, 0, 0, 0, 0, 0, 0, 0, 0, 0, 0, 0, 0, 0, 0, 0, 0, 0, 0, 0, 0, 0, 0, 0, 0, 0, 0, 0, 0, 0, 0, 0, 0, 0, 0, 0, 0, 0, 0, 0, 0, 0, 0, 0, 0, 0, 0, 0, 0, 0, 0, 0, 0, 0, 0, 0, 0] 
   new: [0, 0, 0, 0, 0, 0, 0, 0, 0, 0, 0, 0, 0, 0, 0, 0, 166, 1022, 1024, 1024, 1024, 1024, 1024, 1024, 1024, 1024, 1024, 988, 247, 0, 0, 0, 0, 0, 0, 0, 0, 0, 0, 0, 0, 0, 0, 0, 0, 0, 0, 0, 0, 0, 0, 0, 0, 0, 0, 0, 0, 0, 0, 0, 0, 0, 0, 0, 0, 0, 0, 0, 0, 0, 0, 0, 0, 0, 0, 0, 0, 0, 0, 0, 0, 0, 0, 0, 0, 0, 0, 0, 0, 0]
d_map_indoor.arr_2d[48].arr 
   def: [0, 0, 0, 0, 0, 0, 0, 0, 0, 0, 0, 0, 0, 0, 0, 562, 1024, 1024, 1024, 1024, 1024, 1024, 1024, 1024, 1024, 1024, 1024, 485, 0, 0, 0, 0, 0, 0, 0, 0, 0, 0, 0, 0, 0, 0, 0, 0, 0, 0, 0, 0, 0, 0, 0, 0, 0, 0, 0, 0, 0, 0, 0, 0, 0, 0, 0, 0, 0, 0, 0, 0, 0, 0, 0, 0, 0, 0, 0, 0, 0, 0, 0, 0, 0, 0, 0, 0, 0, 0, 0, 0, 0, 0] 
   new: [0, 0, 0, 0, 0, 0, 0, 0, 0, 0, 0, 0, 0, 0, 0, 0, 571, 1024, 1024, 1024, 1024, 1024, 1024, 1024, 1024, 1024, 1024, 501, 0, 0, 0, 0, 0, 0, 0, 0, 0, 0, 0, 0, 0, 0, 0, 0, 0, 0, 0, 0, 0, 0, 0, 0, 0, 0, 0, 0, 0, 0, 0, 0, 0, 0, 0, 0, 0, 0, 0, 0, 0, 0, 0, 0, 0, 0, 0, 0, 0, 0, 0, 0, 0, 0, 0, 0, 0, 0, 0, 0, 0, 0]
d_map_indoor.arr_2d[49].arr 
   def: [0, 0, 0, 0, 0, 0, 0, 0, 0, 0, 0, 0, 0, 0, 19, 892, 1024, 1024, 1024, 1024, 1024, 1024, 1024, 1024, 1024, 1024, 766, 26, 0, 0, 0, 0, 0, 0, 0, 0, 0, 0, 0, 0, 0, 0, 0, 0, 0, 0, 0, 0, 0, 0, 0, 0, 0, 0, 0, 0, 0, 0, 0, 0, 0, 0, 0, 0, 0, 0, 0, 0, 0, 0, 0, 0, 0, 0, 0, 0, 0, 0, 0, 0, 0, 0, 0, 0, 0, 0, 0, 0, 0, 0] 
   new: [0, 0, 0, 0, 0, 0, 0, 0, 0, 0, 0, 0, 0, 0, 0, 101, 981, 1024, 1024, 1024, 1024, 1024, 1024, 1024, 1024, 1024, 767, 44, 0, 0, 0, 0, 0, 0, 0, 0, 0, 0, 0, 0, 0, 0, 0, 0, 0, 0, 0, 0, 0, 0, 0, 0, 0, 0, 0, 0, 0, 0, 0, 0, 0, 0, 0, 0, 0, 0, 0, 0, 0, 0, 0, 0, 0, 0, 0, 0, 0, 0, 0, 0, 0, 0, 0, 0, 0, 0, 0, 0, 0, 0]
d_map_indoor.arr_2d[50].arr 
   def: [0, 0, 0, 0, 0, 0, 0, 0, 0, 0, 0, 0, 0, 0, 349, 1024, 1024, 1024, 1024, 1024, 1024, 1024, 1024, 1024, 1024, 1024, 317, 0, 0, 0, 0, 0, 0, 0, 0, 0, 0, 0, 0, 0, 0, 0, 0, 0, 0, 0, 0, 0, 0, 0, 0, 0, 0, 0, 0, 0, 0, 0, 0, 0, 0, 0, 0, 0, 0, 0, 0, 0, 0, 0, 0, 0, 0, 0, 0, 0, 0, 0, 0, 0, 0, 0, 0, 0, 0, 0, 0, 0, 0, 0] 
   new: [0, 0, 0, 0, 0, 0, 0, 0, 0, 0, 0, 0, 0, 0, 0, 525, 1024, 1024, 1024, 1024, 1024, 1024, 1024, 1024, 1024, 1024, 318, 0, 0, 0, 0, 0, 0, 0, 0, 0, 0, 0, 0, 0, 0, 0, 0, 0, 0, 0, 0, 0, 0, 0, 0, 0, 0, 0, 0, 0, 0, 0, 0, 0, 0, 0, 0, 0, 0, 0, 0, 0, 0, 0, 0, 0, 0, 0, 0, 0, 0, 0, 0, 0, 0, 0, 0, 0, 0, 0, 0, 0, 0, 0]
d_map_indoor.arr_2d[51].arr 
   def: [0, 0, 0, 0, 0, 0, 0, 0, 0, 0, 0, 0, 0, 0, 689, 1024, 1024, 1024, 1024, 1024, 1024, 1024, 1024, 1024, 1024, 681, 0, 0, 0, 0, 0, 0, 0, 0, 0, 0, 0, 0, 0, 0, 0, 0, 0, 0, 0, 0, 0, 0, 0, 0, 0, 0, 0, 0, 0, 0, 0, 0, 0, 0, 0, 0, 0, 0, 0, 0, 0, 0, 0, 0, 0, 0, 0, 0, 0, 0, 0, 0, 0, 0, 0, 0, 0, 0, 0, 0, 0, 0, 0, 0] 
   new: [0, 0, 0, 0, 0, 0, 0, 0, 0, 0, 0, 0, 0, 0, 29, 940, 1024, 1024, 1024, 1024, 1024, 1024, 1024, 1024, 1024, 681, 0, 0, 0, 0, 0, 0, 0, 0, 0, 0, 0, 0, 0, 0, 0, 0, 0, 0, 0, 0, 0, 0, 0, 0, 0, 0, 0, 0, 0, 0, 0, 0, 0, 0, 0, 0, 0, 0, 0, 0, 0, 0, 0, 0, 0, 0, 0, 0, 0, 0, 0, 0, 0, 0, 0, 0, 0, 0, 0, 0, 0, 0, 0, 0]
d_map_indoor.arr_2d[52].arr 
   def: [0, 0, 0, 0, 0, 0, 0, 0, 0, 0, 0, 0, 0, 113, 1024, 1024, 1024, 1024, 1024, 1024, 1024, 1024, 1024, 1024, 1024, 253, 0, 0, 0, 0, 0, 0, 0, 0, 0, 0, 0, 0, 0, 0, 0, 0, 0, 0, 0, 0, 0, 0, 0, 0, 0, 0, 0, 0, 0, 0, 0, 0, 0, 0, 0, 0, 0, 0, 0, 0, 0, 0, 0, 0, 0, 0, 0, 0, 0, 0, 0, 0, 0, 0, 0, 0, 0, 0, 0, 0, 0, 0, 0, 0] 
   new: [0, 0, 0, 0, 0, 0, 0, 0, 0, 0, 0, 0, 0, 0, 474, 1024, 1024, 1024, 1024, 1024, 1024, 1024, 1024, 1024, 1024, 253, 0, 0, 0, 0, 0, 0, 0, 0, 0, 0, 0, 0, 0, 0, 0, 0, 0, 0, 0, 0, 0, 0, 0, 0, 0, 0, 0, 0, 0, 0, 0, 0, 0, 0, 0, 0, 0, 0, 0, 0, 0, 0, 0, 0, 0, 0, 0, 0, 0, 0, 0, 0, 0, 0, 0, 0, 0, 0, 0, 0, 0, 0, 0, 0]
d_map_indoor.arr_2d[53].arr 
   def: [0, 0, 0, 0, 0, 0, 0, 0, 0, 0, 0, 0, 0, 474, 1024, 1024, 1024, 1024, 1024, 1024, 1024, 1024, 1024, 1024, 607, 0, 0, 0, 0, 0, 0, 0, 0, 0, 0, 0, 0, 0, 0, 0, 0, 0, 0, 0, 0, 0, 0, 0, 0, 0, 0, 0, 0, 0, 0, 0, 0, 0, 0, 0, 0, 0, 0, 0, 0, 0, 0, 0, 0, 0, 0, 0, 0, 0, 0, 0, 0, 0, 0, 0, 0, 0, 0, 0, 0, 0, 0, 0, 0, 0] 
   new: [0, 0, 0, 0, 0, 0, 0, 0, 0, 0, 0, 0, 0, 0, 897, 1024, 1024, 1024, 1024, 1024, 1024, 1024, 1024, 1024, 607, 0, 0, 0, 0, 0, 0, 0, 0, 0, 0, 0, 0, 0, 0, 0, 0, 0, 0, 0, 0, 0, 0, 0, 0, 0, 0, 0, 0, 0, 0, 0, 0, 0, 0, 0, 0, 0, 0, 0, 0, 0, 0, 0, 0, 0, 0, 0, 0, 0, 0, 0, 0, 0, 0, 0, 0, 0, 0, 0, 0, 0, 0, 0, 0, 0]
d_map_indoor.arr_2d[54].arr 
   def: [0, 0, 0, 0, 0, 0, 0, 0, 0, 0, 0, 0, 0, 823, 1024, 1024, 1024, 1024, 1024, 1024, 1024, 1024, 1024, 966, 199, 0, 0, 0, 0, 0, 0, 0, 0, 0, 0, 0, 0, 0, 0, 0, 0, 0, 0, 0, 0, 0, 0, 0, 0, 0, 0, 0, 0, 0, 0, 0, 0, 0, 0, 0, 0, 0, 0, 0, 0, 0, 0, 0, 0, 0, 0, 0, 0, 0, 0, 0, 0, 0, 0, 0, 0, 0, 0, 0, 0, 0, 0, 0, 0, 0] 
   new: [0, 0, 0, 0, 0, 0, 0, 0, 0, 0, 0, 0, 0, 418, 1024, 1024, 1024, 1024, 1024, 1024, 1024, 1024, 1024, 966, 199, 0, 0, 0, 0, 0, 0, 0, 0, 0, 0, 0, 0, 0, 0, 0, 0, 0, 0, 0, 0, 0, 0, 0, 0, 0, 0, 0, 0, 0, 0, 0, 0, 0, 0, 0, 0, 0, 0, 0, 0, 0, 0, 0, 0, 0, 0, 0, 0, 0, 0, 0, 0, 0, 0, 0, 0, 0, 0, 0, 0, 0, 0, 0, 0, 0]
d_map_indoor.arr_2d[55].arr 
   def: [0, 0, 0, 0, 0, 0, 0, 0, 0, 0, 0, 0, 224, 1024, 1024, 1024, 1024, 1024, 1024, 1024, 1024, 1024, 1024, 535, 0, 0, 0, 0, 0, 0, 0, 0, 0, 0, 0, 0, 0, 0, 0, 0, 0, 0, 0, 0, 0, 0, 0, 0, 0, 0, 0, 0, 0, 0, 0, 0, 0, 0, 0, 0, 0, 0, 0, 0, 0, 0, 0, 0, 0, 0, 0, 0, 0, 0, 0, 0, 0, 0, 0, 0, 0, 0, 0, 0, 0, 0, 0, 0, 0, 0] 
   new: [0, 0, 0, 0, 0, 0, 0, 0, 0, 0, 0, 0, 0, 854, 1024, 1024, 1024, 1024, 1024, 1024, 1024, 1024, 1024, 535, 0, 0, 0, 0, 0, 0, 0, 0, 0, 0, 0, 0, 0, 0, 0, 0, 0, 0, 0, 0, 0, 0, 0, 0, 0, 0, 0, 0, 0, 0, 0, 0, 0, 0, 0, 0, 0, 0, 0, 0, 0, 0, 0, 0, 0, 0, 0, 0, 0, 0, 0, 0, 0, 0, 0, 0, 0, 0, 0, 0, 0, 0, 0, 0, 0, 0]
d_map_indoor.arr_2d[56].arr 
   def: [0, 0, 0, 0, 0, 0, 0, 0, 0, 0, 0, 0, 607, 1024, 1024, 1024, 1024, 1024, 1024, 1024, 1024, 1024, 888, 150, 0, 0, 0, 0, 0, 0, 0, 0, 0, 0, 0, 0, 0, 0, 0, 0, 0, 0, 0, 0, 0, 0, 0, 0, 0, 0, 0, 0, 0, 0, 0, 0, 0, 0, 0, 0, 0, 0, 0, 0, 0, 0, 0, 0, 0, 0, 0, 0, 0, 0, 0, 0, 0, 0, 0, 0, 0, 0, 0, 0, 0, 0, 0, 0, 0, 0] 
   new: [0, 0, 0, 0, 0, 0, 0, 0, 0, 0, 0, 0, 354, 1024, 1024, 1024, 1024, 1024, 1024, 1024, 1024, 1024, 888, 150, 0, 0, 0, 0, 0, 0, 0, 0, 0, 0, 0, 0, 0, 0, 0, 0, 0, 0, 0, 0, 0, 0, 0, 0, 0, 0, 0, 0, 0, 0, 0, 0, 0, 0, 0, 0, 0, 0, 0, 0, 0, 0, 0, 0, 0, 0, 0, 0, 0, 0, 0, 0, 0, 0, 0, 0, 0, 0, 0, 0, 0, 0, 0, 0, 0, 0]
d_map_indoor.arr_2d[57].arr 
   def: [0, 0, 0, 0, 0, 0, 0, 0, 0, 0, 0, 0, 967, 1024, 1024, 1024, 1024, 1024, 1024, 1024, 1024, 1024, 471, 0, 0, 0, 0, 0, 0, 0, 0, 0, 0, 0, 0, 0, 0, 0, 0, 0, 0, 0, 0, 0, 0, 0, 0, 0, 0, 0, 0, 0, 0, 0, 0, 0, 0, 0, 0, 0, 0, 0, 0, 0, 0, 0, 0, 0, 0, 0, 0, 0, 0, 0, 0, 0, 0, 0, 0, 0, 0, 0, 0, 0, 0, 0, 0, 0, 0, 0] 
   new: [0, 0, 0, 0, 0, 0, 0, 0, 0, 0, 0, 0, 809, 1024, 1024, 1024, 1024, 1024, 1024, 1024, 1024, 1024, 471, 0, 0, 0, 0, 0, 0, 0, 0, 0, 0, 0, 0, 0, 0, 0, 0, 0, 0, 0, 0, 0, 0, 0, 0, 0, 0, 0, 0, 0, 0, 0, 0, 0, 0, 0, 0, 0, 0, 0, 0, 0, 0, 0, 0, 0, 0, 0, 0, 0, 0, 0, 0, 0, 0, 0, 0, 0, 0, 0, 0, 0, 0, 0, 0, 0, 0, 0]
d_map_indoor.arr_2d[58].arr 
   def: [0, 0, 0, 0, 0, 0, 0, 0, 0, 0, 0, 356, 1024, 1024, 1024, 1024, 1024, 1024, 1024, 1024, 1024, 813, 104, 0, 0, 0, 0, 0, 0, 0, 0, 0, 0, 0, 0, 0, 0, 0, 0, 0, 0, 0, 0, 0, 0, 0, 0, 0, 0, 0, 0, 0, 0, 0, 0, 0, 0, 0, 0, 0, 0, 0, 0, 0, 0, 0, 0, 0, 0, 0, 0, 0, 0, 0, 0, 0, 0, 0, 0, 0, 0, 0, 0, 0, 0, 0, 0, 0, 0, 0] 
   new: [0, 0, 0, 0, 0, 0, 0, 0, 0, 0, 0, 283, 1024, 1024, 1024, 1024, 1024, 1024, 1024, 1024, 1024, 813, 104, 0, 0, 0, 0, 0, 0, 0, 0, 0, 0, 0, 0, 0, 0, 0, 0, 0, 0, 0, 0, 0, 0, 0, 0, 0, 0, 0, 0, 0, 0, 0, 0, 0, 0, 0, 0, 0, 0, 0, 0, 0, 0, 0, 0, 0, 0, 0, 0, 0, 0, 0, 0, 0, 0, 0, 0, 0, 0, 0, 0, 0, 0, 0, 0, 0, 0, 0]
d_map_indoor.arr_2d[8].arr 
   def: [0, 0, 0, 0, 0, 0, 0, 0, 0, 0, 0, 0, 0, 0, 0, 0, 0, 0, 0, 0, 0, 0, 0, 0, 0, 0, 0, 0, 0, 0, 0, 0, 0, 0, 0, 0, 0, 0, 0, 0, 0, 0, 0, 0, 0, 0, 0, 0, 0, 0, 0, 0, 0, 0, 0, 0, 0, 0, 0, 0, 0, 0, 0, 0, 0, 0, 0, 0, 0, 0, 0, 0, 0, 1, 247, 493, 0, 0, 0, 0, 0, 0, 0, 0, 0, 0, 0, 0, 0, 0] 
   new: [0, 0, 0, 0, 0, 0, 0, 0, 0, 0, 0, 0, 0, 0, 0, 0, 0, 0, 0, 0, 0, 0, 0, 0, 0, 0, 0, 0, 0, 0, 0, 0, 0, 0, 0, 0, 0, 0, 0, 0, 0, 0, 0, 0, 0, 0, 0, 0, 0, 0, 0, 0, 0, 0, 0, 0, 0, 0, 0, 0, 0, 0, 0, 0, 0, 0, 0, 0, 0, 0, 0, 0, 0, 104, 304, 503, 0, 0, 0, 0, 0, 0, 0, 0, 0, 0, 0, 0, 0, 0]
d_map_indoor.arr_2d[9].arr 
   def: [0, 0, 0, 0, 0, 0, 0, 0, 0, 0, 0, 0, 0, 0, 0, 0, 0, 0, 0, 0, 0, 0, 0, 0, 0, 0, 0, 0, 0, 0, 0, 0, 0, 0, 0, 0, 0, 0, 0, 0, 0, 0, 0, 0, 0, 0, 0, 0, 0, 0, 0, 0, 0, 0, 0, 0, 0, 0, 0, 0, 0, 0, 0, 0, 0, 0, 0, 0, 0, 0, 0, 199, 446, 678, 899, 931, 0, 0, 0, 0, 0, 0, 0, 0, 0, 0, 0, 0, 0, 0] 
   new: [0, 0, 0, 0, 0, 0, 0, 0, 0, 0, 0, 0, 0, 0, 0, 0, 0, 0, 0, 0, 0, 0, 0, 0, 0, 0, 0, 0, 0, 0, 0, 0, 0, 0, 0, 0, 0, 0, 0, 0, 0, 0, 0, 0, 0, 0, 0, 0, 0, 0, 0, 0, 0, 0, 0, 0, 0, 0, 0, 0, 0, 0, 0, 0, 0, 0, 0, 0, 0, 0, 174, 374, 569, 752, 933, 931, 0, 0, 0, 0, 0, 0, 0, 0, 0, 0, 0, 0, 0, 0]
ref_point_bg 
   def: [1038, 846, 750, 695, 504, 517, 531, 435, 353, 234] 
   new: [1038, 846, 750, 640, 504, 517, 531, 435, 353, 234]
ref_point_rg 
   def: [248, 346, 395, 460, 483, 531, 580, 704, 925, 1246] 
   new: [248, 346, 395, 490, 483, 531, 580, 704, 925, 1246]
